Morph-lemma,Morph-inflection,Occurrence
の,の,6193
た,た,5364
は,は,5160
を,を,3946
に,に,3762
が,が,3665
て,て,3506
と,と,1903
だ,だ,1549
で,で,1459
する,し,1316
ない,ない,1278
も,も,1182
か,か,1087
だ,な,997
いる,い,931
いる,いる,741
です,です,728
から,から,709
そう,そう,701
よ,よ,666
こと,こと,601
う,う,552
ん,ん,550
ね,ね,534
れる,れ,523
その,その,462
私,私,449
言う,言っ,447
人,人,446
何,何,445
よう,よう,443
する,する,429
だ,だっ,395
な,な,359
僕,僕,358
ある,ある,353
わ,わ,348
それ,それ,346
剣,剣,338
彼女,彼女,316
ば,ば,313
だ,で,303
この,この,292
彼,彼,288
魔力,魔力,286
する,さ,255
クレア,クレア,252
いい,いい,244
そして,そして,233
ます,ます,228
これ,これ,225
たち,たち,223
ない,なかっ,222
あなた,あなた,222
だけ,だけ,214
目,目,206
なる,なっ,198
血,血,189
でも,でも,182
者,者,181
けど,けど,176
声,声,173
だ,だろ,173
二,二,172
顔,顔,169
いく,いく,168
一,一,165
アカネ,アカネ,165
どう,どう,164
じゃ,じゃ,163
です,でしょ,161
しかし,しかし,159
夜,夜,158
見る,見,157
って,って,152
お,お,151
中,中,151
た,たら,149
まで,まで,149
シド,シド,146
サラ,サラ,146
ある,あっ,144
生徒,生徒,142
ながら,ながら,142
世界,世界,140
られる,られ,135
誰,誰,135
ます,ませ,135
なる,なる,134
ます,まし,134
様,様,131
れる,れる,130
へ,へ,130
ない,なく,128
教団,教団,128
せる,せ,127
あの,あの,125
手,手,124
デルタ,デルタ,121
力,力,120
くる,き,117
という,という,116
どこ,どこ,113
さ,さ,112
できる,でき,111
かも,かも,110
少女,少女,109
だ,なら,108
君,君,108
そこ,そこ,108
さん,さん,108
ここ,ここ,106
霧,霧,106
前,前,105
もの,もの,105
方,方,105
まだ,まだ,102
アルファ,アルファ,102
１,１,102
魔,魔,100
そんな,そんな,99
伯爵,伯爵,99
気,気,97
はず,はず,97
え,え,95
もう,もう,95
あ,あ,94
学園,学園,92
三,三,92
話,話,92
家,家,92
母,母,92
ある,あり,90
騎士,騎士,90
ベータ,ベータ,89
今,今,88
しれる,しれ,88
ため,ため,87
ニーナ,ニーナ,87
ピエロ,ピエロ,87
てる,てる,86
団,団,86
男,男,86
はい,はい,84
姉さん,姉さん,83
お前,お前,82
思う,思っ,82
なんて,なんて,82
ただ,ただ,81
時,時,79
陰,陰,79
デ,デ,79
頭,頭,78
わかる,わから,78
０,０,78
カナ,カナ,78
王国,王国,77
実力,実力,77
全て,全て,77
剣士,剣士,76
王女,王女,76
十,十,76
父,父,75
扉,扉,75
いく,いっ,75
少し,少し,74
ほど,ほど,74
首輪,首輪,74
より,より,73
事件,事件,72
白い,白い,72
し,し,72
つもり,つもり,72
こんな,こんな,71
わけ,わけ,70
音,音,70
言葉,言葉,70
長,長,70
だから,だから,69
言う,言う,69
大丈夫,大丈夫,69
部屋,部屋,69
や,や,69
わかる,わかっ,69
俺,俺,68
先,先,67
首,首,65
かしら,かしら,65
として,として,65
瞬間,瞬間,64
体,体,64
できる,できる,64
のに,のに,63
いや,いや,63
なぜ,なぜ,63
くる,くる,62
とき,とき,62
司書,司書,62
出る,出,61
アイザック,アイザック,61
まさか,まさか,60
てる,て,59
しか,しか,59
ちょっと,ちょっと,58
ます,ましょ,58
知る,知っ,58
後,後,58
彼ら,彼ら,58
みたい,みたい,57
確か,確か,57
獣,獣,57
必要,必要,57
くれる,くれ,57
聞く,聞い,57
瞳,瞳,56
息,息,55
消える,消え,55
自分,自分,55
よく,よく,55
悪い,悪い,54
同じ,同じ,54
場,場,54
７,７,54
本,本,53
的,的,53
番,番,53
現れる,現れ,52
笑う,笑っ,52
背後,背後,52
まま,まま,52
意味,意味,52
考える,考え,52
姿,姿,52
大,大,51
視線,視線,51
あれ,あれ,51
子,子,51
ゲーテ,ゲーテ,51
られる,られる,50
日,日,50
呟く,呟い,50
やる,やっ,50
する,しよ,49
また,また,49
小さな,小さな,49
一つ,一つ,49
ので,ので,49
ところ,ところ,48
なる,なり,48
だが,だが,48
見える,見え,48
人間,人間,48
赤い,赤い,48
父様,父様,48
王,王,47
主,主,47
なさる,なさい,47
命,命,47
違う,違う,47
２,２,47
ぞ,ぞ,47
組織,組織,46
それで,それで,46
通り,通り,46
上,上,46
オリアナ,オリアナ,45
国,国,45
すぐ,すぐ,45
する,すれ,45
次,次,45
小さい,小さく,45
外,外,45
腕,腕,45
見る,見る,45
みる,み,45
くださる,ください,45
貴族,貴族,45
ホワイト,ホワイト,45
どうして,どうして,44
トランプ,トランプ,44
入る,入っ,44
我々,我々,44
時間,時間,44
濡れ,濡れ,44
思う,思う,43
もちろん,もちろん,43
絶対,絶対,43
右腕,右腕,43
やる,やる,43
来る,来る,43
たい,たい,43
黒い,黒い,43
証拠,証拠,43
ぬ,ず,43
母さん,母さん,43
ガ,ガ,42
出す,出し,42
です,でし,42
かける,かけ,42
来る,来,42
本当に,本当に,42
亡霊,亡霊,42
量,量,42
光,光,42
ああ,ああ,41
ありがとう,ありがとう,41
聞こえる,聞こえ,41
ジャ,ジャ,40
関係,関係,40
向ける,向け,40
気配,気配,40
待つ,待っ,40
存在,存在,40
年,年,40
吐く,吐い,39
知る,知ら,39
金,金,39
女,女,39
様子,様子,39
だって,だって,39
他,他,39
とか,とか,38
いつも,いつも,38
らしい,らしい,38
心配,心配,38
べし,べき,38
ホープ,ホープ,38
スペード,スペード,38
闇,闇,37
ローズ,ローズ,37
度,度,37
間違い,間違い,37
襲撃,襲撃,37
気づく,気づい,37
触手,触手,37
豹,豹,37
牙,牙,37
先輩,先輩,36
廊下,廊下,36
まるで,まるで,36
教室,教室,36
ため息,ため息,36
犯人,犯人,36
ゆっくり,ゆっくり,36
もし,もし,36
なる,なら,36
拘束,拘束,36
闘技,闘技,36
今日,今日,35
どういう,どういう,35
ま,ま,35
バカ,バカ,35
動き,動き,35
やはり,やはり,35
計画,計画,35
響く,響い,35
髪,髪,35
しまう,しまっ,35
わかる,わかる,35
悪魔,悪魔,35
しばらく,しばらく,34
ねぇ,ねぇ,34
せる,せる,34
えっ,えっ,34
感じる,感じ,34
口,口,34
いったい,いったい,34
室,室,34
いう,いえ,34
席,席,34
残,残,34
上げる,上げ,33
まぁ,まぁ,33
名,名,33
以上,以上,33
ベッド,ベッド,33
話す,話し,33
大きな,大きな,33
止める,止め,33
傷,傷,33
報告,報告,33
付ける,付け,33
死体,死体,33
ぬ,ぬ,32
奴ら,奴ら,32
既に,既に,32
相手,相手,32
空間,空間,32
問題,問題,32
震える,震え,32
くれる,くれる,32
足,足,32
同時に,同時に,32
万年筆,万年筆,32
なん,なん,31
裏,裏,31
落ちる,落ち,31
ある,あれ,31
万,万,31
一瞬,一瞬,31
さて,さて,31
戦い,戦い,31
弟,弟,31
死ぬ,死ん,31
理解,理解,31
書類,書類,31
不明,不明,30
たい,たく,30
強い,強く,30
窓,窓,30
うん,うん,30
カゲ,カゲ,30
ノー,ノー,30
持つ,持っ,30
ご,ご,30
せい,せい,30
殺す,殺さ,30
残る,残っ,30
言う,言い,30
そ,そ,29
件,件,29
床,床,29
下,下,29
ずっと,ずっと,29
嫌,嫌,29
心,心,29
性,性,29
現場,現場,29
いずれ,いずれ,29
壁,壁,29
結界,結界,29
など,など,28
噂,噂,28
調べる,調べ,28
場所,場所,28
そういう,そういう,28
立つ,立っ,28
派,派,28
強い,強い,28
にとって,にとって,28
早い,早く,28
英雄,英雄,28
動く,動く,28
我ら,我ら,28
によって,によって,28
笑み,笑み,28
数,数,28
ペ,ペ,28
トス,トス,28
普通,普通,27
全員,全員,27
よい,よかっ,27
寮,寮,27
七,七,27
そのまま,そのまま,27
全く,全く,27
深い,深い,27
見下ろす,見下ろし,27
忘れる,忘れ,27
ええ,ええ,27
たり,たり,27
都市,都市,27
少年,少年,27
永遠,永遠,27
技術,技術,27
異,異,27
終わる,終わっ,26
言う,言わ,26
教える,教え,26
背,背,26
一緒,一緒,26
ずつ,ずつ,26
倒れる,倒れ,26
理由,理由,26
ポチ,ポチ,26
姉,姉,26
慌てる,慌て,26
目的,目的,26
信じる,信じ,26
胸,胸,26
高級,高級,26
涙,涙,26
確認,確認,26
地下,地下,26
実験,実験,26
グレイ,グレイ,26
空,空,25
道,道,25
当然,当然,25
死,死,25
奴,奴,25
耳,耳,25
身,身,25
文字,文字,25
不思議,不思議,25
ぐらい,ぐらい,25
続ける,続け,25
いう,いう,25
戻る,戻っ,25
無駄,無駄,25
拳,拳,25
肩,肩,25
微笑む,微笑ん,25
き,き,25
四,四,24
く,っ,24
間,間,24
思う,思い,24
例,例,24
余裕,余裕,24
隠す,隠し,24
こちら,こちら,24
本気,本気,24
最高,最高,24
封印,封印,24
許す,許さ,24
右手,右手,24
さっき,さっき,24
隣,隣,24
危険,危険,24
そろそろ,そろそろ,24
使う,使っ,24
黒,黒,24
静か,静か,24
大きい,大きく,24
凄まじい,凄まじい,24
本当,本当,24
奥,奥,24
研究,研究,24
聖教,聖教,24
わざわざ,わざわざ,24
知識,知識,24
６,６,24
再び,再び,23
講堂,講堂,23
決して,決して,23
なるほど,なるほど,23
猫,猫,23
じっと,じっと,23
六,六,23
金色,金色,23
風,風,23
魔法,魔法,23
もしか,もしか,23
周囲,周囲,23
美しい,美しい,23
戦力,戦力,23
たった,たった,23
減る,減っ,23
みんな,みんな,22
陣,陣,22
刻む,刻ま,22
さらに,さらに,22
けれど,けれど,22
さすが,さすが,22
出す,出す,22
振る,振っ,22
邪魔,邪魔,22
用意,用意,22
戦闘,戦闘,22
こそ,こそ,22
紫,紫,22
禁書,禁書,22
ない,なけれ,22
伝説,伝説,22
行く,行く,22
エルフ,エルフ,22
五,五,21
日本,日本,21
こいつ,こいつ,21
指,指,21
入れる,入れ,21
必ず,必ず,21
突然,突然,21
進む,進ん,21
黒髪,黒髪,21
ら,ら,21
ボス,ボス,21
真似,真似,21
振り返る,振り返っ,21
消す,消し,21
仕事,仕事,21
表,表,21
色々,色々,21
二つ,二つ,21
結果,結果,21
可能,可能,21
染まる,染まっ,21
ダメ,ダメ,21
起きる,起き,21
続く,続い,21
族,族,21
いつ,いつ,21
使命,使命,21
最初,最初,21
皆,皆,21
レン,レン,21
入る,入る,20
ごめん,ごめん,20
悪,悪,20
昔,昔,20
すら,すら,20
漆黒,漆黒,20
少ない,少ない,20
資料,資料,20
寝る,寝,20
落ち着く,落ち着い,20
答える,答え,20
お願い,お願い,20
辺り,辺り,20
砕ける,砕け,20
距離,距離,20
戦う,戦っ,20
待つ,待て,20
向こう,向こう,20
暗黒,暗黒,20
助ける,助け,20
警戒,警戒,20
横,横,20
呼ぶ,呼ば,20
コーヒー,コーヒー,20
振る,振り,20
匹,匹,20
３,３,20
司祭,司祭,20
都,都,20
獲物,獲物,20
パイ,パイ,20
兄,兄,20
行方,行方,19
ぜ,ぜ,19
あげる,あげ,19
元,元,19
殺す,殺し,19
がる,がっ,19
もらう,もらっ,19
見せる,見せ,19
見据える,見据え,19
話す,話す,19
きっと,きっと,19
室内,室内,19
今回,今回,19
悪い,悪く,19
生きる,生き,19
笑顔,笑顔,19
する,す,19
思う,思わ,19
斬る,斬り,19
仮面,仮面,19
つまり,つまり,19
なんか,なんか,19
百,百,19
処理,処理,19
真実,真実,19
おかしい,おかしい,19
分家,分家,19
群れ,群れ,19
水,水,19
商会,商会,18
作る,作っ,18
取り出す,取り出し,18
化,化,18
おそらく,おそらく,18
終わる,終わり,18
カード,カード,18
復活,復活,18
書く,書か,18
机,机,18
動く,動い,18
開ける,開け,18
ばかり,ばかり,18
しまう,しまう,18
振り返る,振り返る,18
吐く,吐き,18
戦う,戦う,18
警備,警備,18
いえる,いえ,18
ござる,ござい,18
間合い,間合い,18
名前,名前,18
肉体,肉体,18
あぁ,あぁ,18
盾,盾,18
信用,信用,18
協力,協力,18
鼻,鼻,18
最後,最後,18
思い出す,思い出し,18
ない,ねぇ,18
支配,支配,18
青,青,18
香り,香り,18
草原,草原,18
鬼,鬼,18
小屋,小屋,18
書籍,書籍,17
それだけ,それだけ,17
歴史,歴史,17
おい,おい,17
よい,よく,17
初めて,初めて,17
覚える,覚え,17
見つめる,見つめ,17
何者,何者,17
男子,男子,17
みる,みる,17
残す,残し,17
木,木,17
触れる,触れ,17
深い,深く,17
難しい,難しい,17
教師,教師,17
準備,準備,17
謎,謎,17
ふん,ふん,17
ローブ,ローブ,17
震える,震える,17
おかげ,おかげ,17
強い,強,17
敵,敵,17
屋上,屋上,17
刺さる,刺さっ,17
簡単,簡単,17
ひる,ひ,17
連れる,連れ,17
呆然と,呆然と,17
止まる,止まっ,17
付く,付い,17
変わる,変わっ,17
国家,国家,17
５,５,17
反応,反応,17
モー,モー,17
メッセージ,メッセージ,17
電子,電子,16
大量,大量,16
侵入,侵入,16
いける,いけ,16
授業,授業,16
久しぶり,久しぶり,16
頷く,頷い,16
割,割,16
指示,指示,16
いつの間にか,いつの間にか,16
なに,なに,16
空気,空気,16
わかる,わかり,16
こっち,こっち,16
あげる,あげる,16
頃,頃,16
つく,つい,16
近づく,近づい,16
なぁ,なぁ,16
冷たい,冷たい,16
一番,一番,16
離れる,離れ,16
刃,刃,16
化け物,化け物,16
兵,兵,16
吐く,吐く,16
多い,多い,16
フード,フード,16
それでも,それでも,16
歩,歩,16
意識,意識,16
昨夜,昨夜,16
９,９,16
ボク,ボク,16
構える,構え,16
流す,流し,16
第,第,16
微笑,微笑,16
集める,集め,16
足音,足音,16
ほとんど,ほとんど,16
味方,味方,16
無事,無事,16
うい,うぅ,16
目撃,目撃,16
おる,おり,16
覚悟,覚悟,16
背中,背中,16
一撃,一撃,16
十分,十分,16
覚ます,覚まし,16
生首,生首,16
弱い,弱い,16
状況,状況,16
台座,台座,16
銀髪,銀髪,16
狩り,狩り,16
探す,探し,15
子供,子供,15
逃げる,逃げ,15
なかなか,なかなか,15
行く,行っ,15
雫,雫,15
雰囲気,雰囲気,15
最近,最近,15
響く,響く,15
浮かべる,浮かべ,15
これから,これから,15
いる,いれ,15
唇,唇,15
平凡,平凡,15
行く,行き,15
書く,書い,15
匂い,匂い,15
食べる,食べ,15
取る,取る,15
捜査,捜査,15
ロング,ロング,15
コート,コート,15
呟く,呟く,15
ほら,ほら,15
始める,始め,15
負ける,負け,15
無理,無理,15
さぁ,さぁ,15
九,九,15
座る,座っ,15
趣味,趣味,15
聖域,聖域,15
説明,説明,15
庫,庫,15
考える,考える,15
うち,うち,15
こ,こ,15
周り,周り,15
得る,得,15
証言,証言,15
どちら,どちら,15
大変,大変,14
正体,正体,14
学生,学生,14
うーん,うーん,14
落とす,落とし,14
全部,全部,14
やら,やら,14
回収,回収,14
と共に,と共に,14
後で,後で,14
見上げる,見上げ,14
僕ら,僕ら,14
出る,出る,14
げ,げ,14
それとも,それとも,14
込める,込め,14
響く,響き,14
押さえる,押さえ,14
広がる,広がっ,14
仕方,仕方,14
どんな,どんな,14
安全,安全,14
ふと,ふと,14
とりあえず,とりあえず,14
クラス,クラス,14
テスト,テスト,14
出す,出さ,14
すぎる,すぎ,14
あー,あー,14
ちゃ,ちゃ,14
許可,許可,14
開く,開い,14
見つける,見つけ,14
赤い,赤く,14
枚,枚,14
巨大,巨大,14
武器,武器,14
する,しろ,14
自然,自然,14
感じる,感じる,14
見える,見える,14
高い,高い,14
思える,思え,14
構える,構える,14
なる,なれ,14
諦める,諦め,14
似る,似,14
無法,無法,14
気持ち,気持ち,14
どれ,どれ,14
いくら,いくら,14
鎖,鎖,14
別,別,14
抜く,抜い,14
中心,中心,14
うむ,うむ,14
邸,邸,14
傭兵,傭兵,14
ラムダ,ラムダ,14
殺人,殺人,13
素晴らしい,素晴らしい,13
以前,以前,13
調査,調査,13
倍,倍,13
それから,それから,13
尻尾,尻尾,13
任せる,任せ,13
だいたい,だいたい,13
残念,残念,13
聞く,聞き,13
取る,取っ,13
近く,近く,13
悲鳴,悲鳴,13
爆発,爆発,13
途中,途中,13
必死,必死,13
奪う,奪わ,13
点,点,13
続く,続く,13
８,８,13
くん,くん,13
細い,細い,13
ごめんなさい,ごめんなさい,13
軽い,軽く,13
驚く,驚い,13
粉々,粉々,13
では,では,13
特別,特別,13
失礼,失礼,13
想像,想像,13
完全,完全,13
ガン,ガン,13
感,感,13
ない,な,13
部隊,部隊,13
去る,去っ,13
死ぬ,死ぬ,13
もっと,もっと,13
決める,決め,13
罪,罪,13
端,端,13
家族,家族,13
装置,装置,13
４,４,13
いただく,いただき,13
狼,狼,13
遥か,遥か,13
所,所,13
親父,親父,13
白,白,13
観客,観客,13
衝撃,衝撃,12
解決,解決,12
認める,認め,12
ちょうど,ちょうど,12
祭,祭,12
ぜひ,ぜひ,12
アジ,アジ,12
犬,犬,12
古代,古代,12
明日,明日,12
表情,表情,12
歩く,歩き,12
女性,女性,12
内容,内容,12
こうして,こうして,12
勝手,勝手,12
記憶,記憶,12
優秀,優秀,12
ついに,ついに,12
くる,こ,12
速い,速,12
ほしい,ほしい,12
撫でる,撫で,12
笑う,笑う,12
んで,んで,12
とても,とても,12
欲しい,欲しい,12
肌,肌,12
あまりに,あまりに,12
黙る,黙っ,12
について,について,12
置く,置い,12
使う,使わ,12
い,い,12
殺す,殺す,12
よくも,よくも,12
秘密,秘密,12
流れ,流れ,12
やっぱり,やっぱり,12
見つめる,見つめる,12
真剣,真剣,12
アイリス,アイリス,12
大切,大切,12
続ける,続ける,12
月,月,12
状,状,12
影,影,12
とも,とも,12
会う,会っ,12
使う,使う,12
決まる,決まっ,12
脳,脳,12
教会,教会,12
貴様,貴様,12
頂,頂,12
階段,階段,12
圧倒的,圧倒的,12
違う,違い,12
感情,感情,12
選択,選択,12
ですが,ですが,12
穢れ,穢れ,12
掟,掟,12
集団,集団,12
足跡,足跡,12
処分,処分,12
わぁ,わぁ,12
突き刺さる,突き刺さっ,12
悪鬼,悪鬼,12
案内,案内,12
護衛,護衛,12
暗殺,暗殺,12
噴水,噴水,12
バトラー,バトラー,12
マス,マス,12
ニシ,ニシ,12
場合,場合,11
ほう,ほう,11
言う,言え,11
会長,会長,11
我,我,11
前世,前世,11
受ける,受け,11
失う,失っ,11
抜ける,抜け,11
残り,残り,11
待つ,待た,11
得意げ,得意げ,11
ふむ,ふむ,11
細める,細め,11
つける,つけ,11
鍵,鍵,11
顎,顎,11
見覚え,見覚え,11
事情,事情,11
睨む,睨ん,11
そもそも,そもそも,11
真面目,真面目,11
随分,随分,11
もう少し,もう少し,11
勢い,勢い,11
っけ,っけ,11
握る,握っ,11
まず,まず,11
避ける,避け,11
切る,切っ,11
やる,やら,11
超える,超える,11
すぎる,すぎる,11
呼ぶ,呼ん,11
立つ,立つ,11
そこで,そこで,11
人影,人影,11
散る,散っ,11
さっさと,さっさと,11
聞く,聞か,11
権力,権力,11
質,質,11
包む,包ま,11
弾ける,弾け,11
どうやら,どうやら,11
とこ,とこ,11
緊張,緊張,11
答え,答え,11
驚愕,驚愕,11
ふる,ふ,11
わける,わけ,11
終わる,終わら,11
会話,会話,11
ホント,ホント,11
ナツメ,ナツメ,11
こう,こう,11
好き,好き,11
腰,腰,11
深い,深,11
立場,立場,11
上手い,上手く,11
向かう,向かっ,11
解放,解放,11
指す,指し,11
ふざける,ふざけ,11
書,書,11
たとえ,たとえ,11
もらう,もらう,11
長い,長い,11
面倒,面倒,11
かける,かける,11
間違う,間違っ,11
多く,多く,11
下げる,下げ,11
何だ,何だ,11
我が,我が,11
肉,肉,11
発行,発行,11
課長,課長,11
染み,染み,11
訓練,訓練,11
ムラ,ムラ,11
朝,朝,10
行う,行っ,10
約束,約束,10
なんと,なんと,10
おる,おっ,10
天井,天井,10
僅か,僅か,10
生活,生活,10
蹴る,蹴り,10
返事,返事,10
想定,想定,10
恐れる,恐れ,10
犠牲,犠牲,10
ちゃんと,ちゃんと,10
守る,守る,10
いいえ,いいえ,10
怒り,怒り,10
抜く,抜き,10
ほぼ,ほぼ,10
カンニング,カンニング,10
による,による,10
千,千,10
無視,無視,10
ほる,ほ,10
カッコ,カッコ,10
遠い,遠い,10
そっ,そっ,10
パチ,パチ,10
狩る,狩っ,10
宝石,宝石,10
輝く,輝い,10
メス,メス,10
集中,集中,10
浮かぶ,浮かん,10
最も,最も,10
塊,塊,10
校舎,校舎,10
腹,腹,10
寝る,寝る,10
待つ,待ち,10
気づく,気づか,10
判断,判断,10
あそこ,あそこ,10
ようやく,ようやく,10
引く,引き,10
歩く,歩く,10
液体,液体,10
知る,知り,10
犯行,犯行,10
移動,移動,10
利用,利用,10
失敗,失敗,10
素早い,素早く,10
無言,無言,10
隙間,隙間,10
退る,退る,10
子爵,子爵,10
強者,強者,10
睨む,睨む,10
退出,退出,10
歩く,歩い,10
かつて,かつて,10
それに,それに,10
見つかる,見つから,10
雇う,雇っ,10
よろしく,よろしく,10
どうせ,どうせ,10
蜘蛛,蜘蛛,10
泥棒,泥棒,10
変わる,変わら,10
低い,低い,10
細,細,10
柳,柳,10
部下,部下,10
作戦,作戦,10
抱える,抱え,10
書物,書物,10
ちる,ち,10
棚,棚,10
最強,最強,10
だからこそ,だからこそ,10
する,せ,10
敵対,敵対,10
破壊,破壊,10
己,己,10
投げる,投げ,10
やがて,やがて,10
飲む,飲ん,10
返済,返済,10
雪,雪,10
一族,一族,10
面白い,面白い,10
笑い声,笑い声,10
冬,冬,10
叫ぶ,叫ん,10
狩る,狩る,10
分,分,10
助け,助け,10
タイマー,タイマー,10
進む,進む,10
後ろ,後ろ,10
鋭い,鋭い,10
いただく,いただい,10
バー,バー,10
いたす,いたし,10
侯爵,侯爵,10
生命,生命,10
ある,あろ,10
待てる,待て,10
群,群,10
章,章,9
予告,予告,9
変更,変更,9
差,差,9
介入,介入,9
遮る,遮っ,9
痕跡,痕跡,9
逃げ出す,逃げ出し,9
勝負,勝負,9
半,半,9
用,用,9
イカ,イカ,9
スーツ,スーツ,9
スパイ,スパイ,9
き,し,9
遺跡,遺跡,9
合う,合っ,9
思い,思い,9
割れる,割れ,9
咄嗟,咄嗟,9
新た,新た,9
気絶,気絶,9
冗談,冗談,9
あんな,あんな,9
冷静,冷静,9
方法,方法,9
情報,情報,9
成績,成績,9
超,超,9
飛ぶ,飛ん,9
借りる,借り,9
首根っこ,首根っこ,9
立ち止まる,立ち止まっ,9
物,物,9
察す,察し,9
鳴る,鳴っ,9
とんでも,とんでも,9
よし,よし,9
凄い,凄い,9
地面,地面,9
転がる,転がっ,9
地,地,9
両断,両断,9
色,色,9
武,武,9
骨,骨,9
複数,複数,9
いくつ,いくつ,9
一流,一流,9
いつの間に,いつの間に,9
被る,被っ,9
遠く,遠く,9
並ぶ,並ん,9
貧乏,貧乏,9
厳しい,厳しい,9
着る,着,9
小柄,小柄,9
別に,別に,9
それぞれ,それぞれ,9
悪い,悪かっ,9
問いかける,問いかける,9
答案,答案,9
近づく,近づく,9
増える,増え,9
赤,赤,9
次に,次に,9
め,め,9
予想,予想,9
鋭い,鋭く,9
つき,つき,9
沈黙,沈黙,9
信じる,信じる,9
誰か,誰か,9
相当,相当,9
きれる,きれ,9
いう,いい,9
珍しい,珍しい,9
変化,変化,9
付く,付く,9
人生,人生,9
雑魚,雑魚,9
酷い,酷い,9
引く,引い,9
はぁ,はぁ,9
もしかして,もしかして,9
薄暗い,薄暗い,9
異常,異常,9
なんで,なんで,9
モノ,モノ,9
眼差し,眼差し,9
お伽,お伽,9
アホ,アホ,9
それでは,それでは,9
見事,見事,9
価値,価値,9
得る,得る,9
申し訳,申し訳,9
すると,すると,9
製,製,9
テーブル,テーブル,9
自信,自信,9
受け止める,受け止め,9
漏れる,漏れ,9
殴る,殴っ,9
舐める,舐め,9
捨てる,捨て,9
馬車,馬車,9
優しい,優しい,9
見渡す,見渡し,9
数字,数字,9
注射,注射,9
器,器,9
皆様,皆様,9
アニメ,アニメ,9
人物,人物,9
男爵,男爵,9
医務,医務,9
武芸者,武芸者,9
試合,試合,9
イベント,イベント,8
ストーリー,ストーリー,8
現実,現実,8
何とか,何とか,8
懐,懐,8
やつ,やつ,8
ルール,ルール,8
鳴らす,鳴らし,8
危ない,危ない,8
サマ,サマ,8
包む,包ん,8
進める,進め,8
残す,残さ,8
未来,未来,8
見上げる,見上げる,8
済む,済む,8
顰める,顰め,8
包帯,包帯,8
膝,膝,8
かろうじて,かろうじて,8
舞う,舞っ,8
おく,おい,8
羨ましい,羨ましい,8
自由,自由,8
どうぞ,どうぞ,8
やぁ,やぁ,8
一般,一般,8
隠す,隠す,8
結局,結局,8
眺める,眺め,8
深夜,深夜,8
綺麗,綺麗,8
喉,喉,8
事実,事実,8
品,品,8
喧嘩,喧嘩,8
無茶,無茶,8
包囲,包囲,8
操る,操り,8
低い,低く,8
纏う,纏っ,8
検証,検証,8
貴重,貴重,8
推理,推理,8
能力,能力,8
コース,コース,8
禁止,禁止,8
入れる,入れる,8
最,最,8
あまり,あまり,8
意外,意外,8
戻る,戻る,8
現れる,現れる,8
立ち上がる,立ち上がる,8
うるさい,うるさい,8
興味深い,興味深い,8
運,運,8
ガラス,ガラス,8
一部,一部,8
底,底,8
いく,いか,8
ちょ,ちょ,8
押す,押し,8
潰す,潰さ,8
意思,意思,8
薄い,薄く,8
小,小,8
課題,課題,8
生まれる,生まれ,8
調整,調整,8
落下,落下,8
だけど,だけど,8
染める,染め,8
お話し,お話し,8
仲良く,仲良く,8
丁寧,丁寧,8
かぁ,かぁ,8
外す,外し,8
不安,不安,8
まずは,まずは,8
そんなに,そんなに,8
じゃあ,じゃあ,8
監視,監視,8
デザイン,デザイン,8
限り,限り,8
ぬ,ね,8
流れる,流れる,8
今夜,今夜,8
代わり,代わり,8
変わる,変わり,8
期待,期待,8
抱きしめる,抱きしめ,8
こういう,こういう,8
正義,正義,8
出口,出口,8
本棚,本棚,8
奇妙,奇妙,8
かわいい,かわいい,8
翻訳,翻訳,8
薬,薬,8
最期,最期,8
左腕,左腕,8
完成,完成,8
偶然,偶然,8
誘拐,誘拐,8
副,副,8
捏造,捏造,8
よろしい,よろしい,8
予感,予感,8
納得,納得,8
東,東,8
まとめる,まとめ,8
飛沫,飛沫,8
円卓,円卓,8
民衆,民衆,8
選ぶ,選ん,8
人体,人体,8
残像,残像,8
先生,先生,8
微笑む,微笑む,8
折れる,折れ,8
辿る,辿り,8
辛い,辛い,8
試す,試し,8
不満,不満,8
攻撃,攻撃,8
億,億,8
巻,巻,8
無罪,無罪,8
別邸,別邸,8
探偵,探偵,8
狙う,狙わ,8
トイレ,トイレ,8
食事,食事,8
交渉,交渉,8
屋敷,屋敷,8
合図,合図,8
短剣,短剣,8
ピット,ピット,8
病気,病気,7
知る,知る,7
みる,みれ,7
ギリギリ,ギリギリ,7
ポーカー,ポーカー,7
社会,社会,7
灯り,灯り,7
動かす,動かし,7
立つ,立ち,7
ワイン,ワイン,7
グラス,グラス,7
持つ,持つ,7
相変わらず,相変わらず,7
内,内,7
広げる,広げ,7
女子,女子,7
流れる,流れ,7
遅い,遅い,7
応える,応え,7
甘い,甘い,7
もう一度,もう一度,7
いい加減,いい加減,7
安心,安心,7
迫る,迫っ,7
ない,なきゃ,7
まずい,まずい,7
する,せよ,7
こっそり,こっそり,7
らしい,らしく,7
ふーん,ふーん,7
心当たり,心当たり,7
際,際,7
呪文,呪文,7
厨,厨,7
遊び,遊び,7
過ぎる,過ぎ,7
やっと,やっと,7
でる,でる,7
幸せ,幸せ,7
巻き込む,巻き込ま,7
無い,無い,7
無数,無数,7
出会う,出会っ,7
くせ,くせ,7
全,全,7
呼ぶ,呼ぶ,7
鉄,鉄,7
強化,強化,7
帰る,帰っ,7
応援,応援,7
ない,なし,7
思考,思考,7
届く,届か,7
俯く,俯い,7
同意,同意,7
臭い,臭い,7
今後,今後,7
メイド,メイド,7
へぇ,へぇ,7
違う,違っ,7
運ぶ,運ん,7
いる,いら,7
困る,困っ,7
気づく,気づく,7
貸す,貸し,7
隊長,隊長,7
引き攣る,引き攣っ,7
降る,降っ,7
上がる,上がっ,7
見送る,見送っ,7
ペン,ペン,7
眉間,眉間,7
回る,回っ,7
頼り,頼り,7
蒼白,蒼白,7
あいつ,あいつ,7
注目,注目,7
叫ぶ,叫ぶ,7
急,急,7
苦しい,苦し,7
変,変,7
捨てる,捨てる,7
忙しい,忙しい,7
くい,く,7
組む,組ん,7
話しかける,話しかけ,7
幽霊,幽霊,7
暖炉,暖炉,7
つく,つく,7
見つかる,見つかっ,7
圧倒,圧倒,7
機嫌,機嫌,7
側近,側近,7
揺れる,揺れ,7
軽い,軽い,7
開く,開く,7
入る,入り,7
椅子,椅子,7
問い,問い,7
特に,特に,7
シルク,シルク,7
遅れる,遅れ,7
両手,両手,7
やれやれ,やれやれ,7
円柱,円柱,7
気分,気分,7
昨日,昨日,7
どうか,どうか,7
どの,どの,7
強大,強大,7
真っ白,真っ白,7
進む,進み,7
かかる,かかっ,7
いく,いき,7
あるいは,あるいは,7
その後,その後,7
犯罪,犯罪,7
探る,探る,7
向ける,向ける,7
紙,紙,7
投降,投降,7
二度と,二度と,7
震え,震え,7
数多,数多,7
八,八,7
メンバー,メンバー,7
黄金,黄金,7
適当,適当,7
輝く,輝き,7
回路,回路,7
流し込む,流し込ん,7
恐怖,恐怖,7
札束,札束,7
族長,族長,7
高度,高度,7
痣,痣,7
溢れる,溢れ,7
怪我,怪我,7
服,服,7
向かう,向かう,7
発言,発言,7
集まる,集まっ,7
娘,娘,7
術,術,7
赤黒い,赤黒い,7
隙,隙,7
徐々に,徐々に,7
行く,行こ,7
極めて,極めて,7
ゼロ,ゼロ,7
派閥,派閥,7
構う,構わ,7
責任,責任,7
感謝,感謝,7
本物,本物,7
助かる,助かる,7
えー,えー,7
その他,その他,7
抵抗,抵抗,7
消費,消費,7
本家,本家,7
戦う,戦わ,7
取引,取引,7
下級,下級,7
そいつ,そいつ,7
逆,逆,7
カプセル,カプセル,7
脇,脇,7
閉じる,閉じ,7
傾げる,傾げ,7
描く,描い,7
くださる,くださっ,7
会員,会員,7
沢山,沢山,7
カイ,カイ,7
接触,接触,7
壊滅,壊滅,7
隠蔽,隠蔽,7
張り付く,張り付い,7
見開く,見開い,7
不可解,不可解,7
単純,単純,7
壺,壺,7
てめぇ,てめぇ,7
ターゲット,ターゲット,7
裏切り者,裏切り者,7
全力,全力,7
執事,執事,7
桶,桶,7
弱い,弱けれ,7
言語,言語,7
合,合,7
潜む,潜む,6
により,により,6
冬休み,冬休み,6
戦,戦,6
いろいろ,いろいろ,6
付き合う,付き合っ,6
魔物,魔物,6
ねー,ねー,6
怯える,怯え,6
やる,やり,6
機会,機会,6
背負う,背負っ,6
フッ,フッ,6
罠,罠,6
見せる,見せる,6
鍛える,鍛え,6
ろ,ろ,6
伸びる,伸び,6
待つ,待つ,6
ちょっぴり,ちょっぴり,6
唐突,唐突,6
得意,得意,6
焦る,焦っ,6
払う,払い,6
帰る,帰る,6
かかる,かかる,6
夢,夢,6
はっきり,はっきり,6
逃げる,逃げる,6
ひび割れる,ひび割れ,6
鏡,鏡,6
放つ,放っ,6
制服,制服,6
刻む,刻ん,6
話せる,話せ,6
おく,おく,6
叫ぶ,叫び,6
一生,一生,6
末,末,6
威力,威力,6
開く,開き,6
挨拶,挨拶,6
開ける,開ける,6
病,病,6
発動,発動,6
火,火,6
高い,高く,6
褒美,褒美,6
ちゃん,ちゃん,6
行く,行か,6
めんどくさい,めんどくさ,6
差す,差し,6
そっと,そっと,6
斬る,斬ら,6
寸前,寸前,6
反転,反転,6
成長,成長,6
早い,早い,6
超える,超え,6
宙,宙,6
一方,一方,6
守る,守っ,6
血まみれ,血まみれ,6
純粋,純粋,6
追う,追っ,6
連続,連続,6
戦慄,戦慄,6
抜く,抜く,6
消え去る,消え去っ,6
だらけ,だらけ,6
知れる,知れ,6
作業,作業,6
引く,引か,6
放つ,放つ,6
隠れる,隠れ,6
活動,活動,6
成功,成功,6
読む,読み,6
先日,先日,6
詳しい,詳しい,6
おく,おき,6
過去,過去,6
楽,楽,6
濃い,濃く,6
慣れる,慣れ,6
伝える,伝え,6
用紙,用紙,6
右,右,6
公爵,公爵,6
足りる,足り,6
むしろ,むしろ,6
ならば,ならば,6
埋める,埋め,6
襲う,襲わ,6
医者,医者,6
紹介,紹介,6
魔女,魔女,6
動揺,動揺,6
一応,一応,6
反省,反省,6
指す,指す,6
下ろす,下ろす,6
リスト,リスト,6
殺る,殺っ,6
先端,先端,6
心臓,心臓,6
素,素,6
入る,入ら,6
せっかく,せっかく,6
朝日,朝日,6
追う,追い,6
満足,満足,6
凶悪,凶悪,6
取る,取ら,6
触れる,触れる,6
重い,重い,6
視界,視界,6
ちゃう,ちゃっ,6
ポケット,ポケット,6
満ちる,満ち,6
美しい,美しく,6
やめる,やめ,6
近い,近い,6
今度,今度,6
無断,無断,6
老人,老人,6
影響,影響,6
濃い,濃い,6
連,連,6
全滅,全滅,6
対峙,対峙,6
若い,若い,6
自身,自身,6
両,両,6
動く,動か,6
不正,不正,6
世界中,世界中,6
腐敗,腐敗,6
弾く,弾か,6
動機,動機,6
以外,以外,6
ハブ,ハブ,6
歳,歳,6
子孫,子孫,6
たい,たかっ,6
おつもり,おつもり,6
達成,達成,6
驚く,驚く,6
秒,秒,6
混乱,混乱,6
払い,払い,6
返す,返す,6
はじめ,はじめ,6
愚か,愚か,6
治す,治す,6
疑問,疑問,6
何より,何より,6
下ろす,下ろし,6
弾く,弾く,6
森,森,6
川,川,6
受け取る,受け取っ,6
たい,てぇ,6
憎悪,憎悪,6
死ぬ,死に,6
さえ,さえ,6
不気味,不気味,6
潜む,潜み,6
青い,青い,6
否定,否定,6
恨む,恨ま,6
まとも,まとも,6
聞く,聞く,6
仲,仲,6
会議,会議,6
それほど,それほど,6
向く,向い,6
夕焼け,夕焼け,6
舞台,舞台,6
拠点,拠点,6
叡智,叡智,6
見回す,見回し,6
動かす,動かす,6
考え,考え,6
鍛錬,鍛錬,6
次々,次々,6
開始,開始,6
吸い取る,吸い取ら,6
遺体,遺体,6
解除,解除,6
まとう,まとい,6
先頭,先頭,6
会,会,6
泣く,泣き,6
形,形,6
謝罪,謝罪,6
扱い,扱い,6
鈍い,鈍い,6
手掛かり,手掛かり,6
当たる,当たっ,6
止め,止め,6
呼吸,呼吸,6
負ける,負ける,6
帝国,帝国,6
ゲーム,ゲーム,6
いささか,いささか,6
事故,事故,6
ベル,ベル,6
館,館,6
例えば,例えば,6
寝室,寝室,6
ババ,ババ,6
ジェット,ジェット,6
メモ,メモ,6
国王,国王,6
通路,通路,6
よい,よい,6
泣く,泣い,6
ナイフ,ナイフ,6
日本語,日本語,6
影野,影野,6
大勢,大勢,6
蒸気,蒸気,6
平和,平和,5
再,再,5
懐かしい,懐かしい,5
よい,よ,5
誕生,誕生,5
許す,許し,5
残る,残る,5
残す,残す,5
葬る,葬っ,5
もん,もん,5
ところで,ところで,5
新,新,5
そのもの,そのもの,5
巻き上げる,巻き上げ,5
逆転,逆転,5
絶望,絶望,5
ボディ,ボディ,5
窓辺,窓辺,5
注ぐ,注ぐ,5
大好き,大好き,5
範囲,範囲,5
余計,余計,5
夜空,夜空,5
落ちる,落ちる,5
疼く,疼く,5
歪める,歪め,5
見渡す,見渡す,5
逃げ,逃げ,5
散る,散る,5
崩壊,崩壊,5
聞こえる,聞こえる,5
位置,位置,5
叩く,叩き,5
守る,守ら,5
でる,で,5
いつか,いつか,5
始まる,始まる,5
学年,学年,5
操作,操作,5
出す,出せ,5
修行,修行,5
戸,戸,5
間違える,間違え,5
始まる,始まっ,5
しかも,しかも,5
何一つ,何一つ,5
信頼,信頼,5
よーし,よーし,5
穴,穴,5
真っ赤,真っ赤,5
とにかく,とにかく,5
美味しい,美味しかっ,5
一切,一切,5
幸い,幸い,5
傾げる,傾げる,5
器用,器用,5
明らか,明らか,5
スピード,スピード,5
呆然,呆然,5
ベチャッ,ベチャッ,5
全身,全身,5
ちなみに,ちなみに,5
急ぐ,急い,5
指先,指先,5
深淵,深淵,5
見据える,見据える,5
なぜなら,なぜなら,5
陽,陽,5
違い,違い,5
海,海,5
詳細,詳細,5
側,側,5
刺客,刺客,5
行う,行う,5
短い,短い,5
だい,だい,5
手際,手際,5
めっちゃ,めっちゃ,5
物騒,物騒,5
紅,紅,5
今年,今年,5
少ない,少なく,5
つい,つい,5
独り言,独り言,5
終わる,終わる,5
あと,あと,5
躱す,躱し,5
吹き飛ばす,吹き飛ばさ,5
詰める,詰める,5
上げる,上げる,5
隊,隊,5
調べる,調べる,5
切れる,切れる,5
珍しい,珍しく,5
渡す,渡す,5
はじめまして,はじめまして,5
幹部,幹部,5
走る,走る,5
要求,要求,5
角度,角度,5
左,左,5
半分,半分,5
バレる,バレる,5
風圧,風圧,5
微細,微細,5
正直,正直,5
リスク,リスク,5
見回す,見回す,5
災厄,災厄,5
険しい,険しく,5
そっくり,そっくり,5
どうも,どうも,5
王族,王族,5
ソファー,ソファー,5
伸ばす,伸ばし,5
起こる,起こっ,5
豚,豚,5
まだまだ,まだまだ,5
経験,経験,5
記す,記さ,5
ニヤリ,ニヤリ,5
投げる,投げる,5
上下,上下,5
握りしめる,握りしめ,5
ついで,ついで,5
ノック,ノック,5
閉める,閉め,5
傷痕,傷痕,5
照らす,照らさ,5
抜け出す,抜け出し,5
楽しみ,楽しみ,5
素材,素材,5
予定,予定,5
戯言,戯言,5
詰める,詰め,5
申す,申し,5
掲げる,掲げ,5
まいる,まいっ,5
だとすると,だとすると,5
苦手,苦手,5
上位,上位,5
対応,対応,5
防衛,防衛,5
一筋,一筋,5
油断,油断,5
輝く,輝く,5
何で,何で,5
足早,足早,5
語る,語っ,5
雨,雨,5
効率,効率,5
生きる,生きる,5
大きい,大きい,5
すごい,すごい,5
付ける,付ける,5
長身,長身,5
変える,変え,5
真ん中,真ん中,5
薄い,薄い,5
間抜け,間抜け,5
追撃,追撃,5
積み重ねる,積み重ね,5
対,対,5
カラン,カラン,5
折る,折ら,5
感覚,感覚,5
険しい,険しい,5
まさに,まさに,5
斬る,斬,5
柄,柄,5
解く,解い,5
光景,光景,5
牢,牢,5
かかる,かかり,5
深刻,深刻,5
止める,止める,5
いく,いけ,5
時代,時代,5
数々,数々,5
悪事,悪事,5
男性,男性,5
覚ます,覚ます,5
伸ばす,伸ばす,5
もらう,もらい,5
広がる,広がり,5
追い詰める,追い詰め,5
限る,限ら,5
淡々,淡々,5
賛成,賛成,5
常に,常に,5
友達,友達,5
％,％,5
ごと,ごと,5
伏せる,伏せ,5
加わる,加わっ,5
微動,微動,5
譚,譚,5
世間,世間,5
討伐,討伐,5
笑う,笑い,5
引く,引く,5
膨大,膨大,5
のみ,のみ,5
行ける,行け,5
達人,達人,5
おや,おや,5
ハッ,ハッ,5
役,役,5
届く,届い,5
求める,求め,5
程度,程度,5
再生,再生,5
見る,見れ,5
優しい,優し,5
優しい,優しく,5
本来,本来,5
戻る,戻り,5
決定,決定,5
抑える,抑える,5
まったく,まったく,5
禍々しい,禍々しい,5
文句,文句,5
黒い,黒き,5
殺し,殺し,5
痛み,痛み,5
強き,強き,5
持ち帰る,持ち帰っ,5
思い出す,思い出す,5
悲しい,悲しい,5
不快,不快,5
登場,登場,5
親戚,親戚,5
取れる,取れ,5
型,型,5
控える,控え,5
終える,終え,5
バリケード,バリケード,5
現状,現状,5
弁える,弁え,5
作る,作る,5
考える,考えれ,5
くう,くっ,5
無惨,無惨,5
異質,異質,5
すい,すぅ,5
野郎,野郎,5
掌,掌,5
見届ける,見届け,5
受け渡し,受け渡し,5
ども,ども,5
置く,置か,5
解読,解読,5
無機質,無機質,5
炎,炎,5
みる,みよ,5
長い,長く,5
代,代,5
掠める,掠め,5
果たして,果たして,5
意図,意図,5
とる,とっ,5
楽しい,楽し,5
強い,強けれ,5
揃う,揃っ,5
申し上げる,申し上げ,5
等,等,5
限定,限定,5
番号,番号,5
カクテル,カクテル,5
指導,指導,5
あらゆる,あらゆる,5
リンゴ,リンゴ,5
有罪,有罪,5
疲れる,疲れ,5
希望,希望,5
這いずる,這いずっ,5
課,課,5
張る,張っ,5
布団,布団,5
兄貴,兄貴,5
後頭部,後頭部,5
殺害,殺害,5
不自然,不自然,5
野次馬,野次馬,5
女医,女医,5
いびき,いびき,5
リーダー,リーダー,5
配下,配下,5
通じる,通じ,5
ジャック,ジャック,5
外れ,外れ,5
対抗,対抗,5
週,週,5
ヒント,ヒント,5
勝つ,勝つ,5
槍,槍,5
取調,取調,5
役立つ,役立た,5
学ぶ,学ん,5
白衣,白衣,5
建てる,建て,5
湯気,湯気,5
平穏,平穏,4
進行,進行,4
まさかの,まさかの,4
テロ,テロ,4
ご覧,ご覧,4
システム,システム,4
楽しい,楽しい,4
恨めしい,恨めし,4
大騒ぎ,大騒ぎ,4
ふふふ,ふふふ,4
仕業,仕業,4
ぶつ,ぶっ,4
いきなり,いきなり,4
念,念,4
商品,商品,4
もらう,もらお,4
口元,口元,4
借金,借金,4
戦える,戦える,4
迎える,迎え,4
暗闇,暗闇,4
魚,魚,4
焼く,焼い,4
動く,動き,4
潜入,潜入,4
原因,原因,4
合う,合う,4
行動,行動,4
止める,止めろ,4
誓う,誓っ,4
照らす,照らし,4
引きずる,引きずっ,4
問いかける,問いかけ,4
出来事,出来事,4
酷似,酷似,4
景色,景色,4
漂う,漂っ,4
遠い,遠く,4
微か,微か,4
顔面,顔面,4
スカート,スカート,4
動ける,動ける,4
事態,事態,4
望む,望ん,4
響かせる,響かせ,4
薄,薄,4
親,親,4
トレーニング,トレーニング,4
証明,証明,4
銀色,銀色,4
まれ,まれ,4
無理やり,無理やり,4
続き,続き,4
ど,ど,4
即答,即答,4
多分,多分,4
ノート,ノート,4
わかる,わかん,4
立ち去る,立ち去っ,4
裏庭,裏庭,4
美味しい,美味し,4
そしたら,そしたら,4
る,る,4
天才,天才,4
おぉ,おぉ,4
美味しい,美味しい,4
キッ,キッ,4
あっち,あっち,4
アピール,アピール,4
重要,重要,4
着地,着地,4
態勢,態勢,4
出現,出現,4
躱す,躱す,4
体勢,体勢,4
不可能,不可能,4
跳ぶ,跳ん,4
女王,女王,4
技,技,4
センス,センス,4
才能,才能,4
練習,練習,4
四肢,四肢,4
垂れる,垂れ,4
バイバイ,バイバイ,4
言い残す,言い残し,4
つく,つか,4
いう,いっ,4
発見,発見,4
逸らす,逸らし,4
見合わせる,見合わせ,4
負う,負っ,4
疑う,疑っ,4
差す,差す,4
拭う,拭っ,4
住む,住む,4
動き出す,動き出し,4
気づく,気づけ,4
こんなに,こんなに,4
変質,変質,4
恨み,恨み,4
嫌い,嫌い,4
捕まえる,捕まえ,4
冷たい,冷たく,4
っぽい,っぽい,4
見下ろす,見下ろす,4
しっかり,しっかり,4
がる,がる,4
かい,かい,4
将来,将来,4
金持ち,金持ち,4
頼む,頼ん,4
迷惑,迷惑,4
有名,有名,4
感じ,感じ,4
かなり,かなり,4
なー,なー,4
蹴る,蹴,4
につれて,につれて,4
はや,はや,4
外れる,外れ,4
体験,体験,4
一礼,一礼,4
ジャン,ジャン,4
溶ける,溶け,4
お方,お方,4
割れる,割れる,4
慎重,慎重,4
膨れる,膨れ,4
噴き出す,噴き出し,4
連中,連中,4
回避,回避,4
優等生,優等生,4
危機,危機,4
くる,く,4
不審,不審,4
たかが,たかが,4
バレる,バレ,4
流す,流す,4
幻,幻,4
奥義,奥義,4
絞り出す,絞り出す,4
える,えっ,4
ピタリ,ピタリ,4
殺せる,殺せ,4
応接,応接,4
豪華,豪華,4
チラリ,チラリ,4
本題,本題,4
現象,現象,4
図書,図書,4
任せる,任せる,4
差し出す,差し出し,4
返す,返し,4
それにしても,それにしても,4
横目,横目,4
さっぱり,さっぱり,4
隠す,隠さ,4
じゃん,じゃん,4
曖昧,曖昧,4
歩み寄る,歩み寄る,4
撫でる,撫でる,4
散歩,散歩,4
揺れる,揺れる,4
観察,観察,4
見つかる,見つかる,4
扮,扮,4
貫く,貫か,4
瞬き,瞬き,4
跡形,跡形,4
薄暗い,薄暗く,4
立ち込める,立ち込め,4
管,管,4
調子,調子,4
順調,順調,4
吸収,吸収,4
首筋,首筋,4
通り過ぎる,通り過ぎ,4
たま,たま,4
光栄,光栄,4
何やら,何やら,4
喜ぶ,喜ん,4
恐い,恐い,4
休校,休校,4
保管,保管,4
上がる,上がる,4
り,る,4
年齢,年齢,4
一目,一目,4
新しい,新しい,4
幼い,幼い,4
思い出す,思い出さ,4
なんだか,なんだか,4
ドア,ドア,4
小声,小声,4
吸う,吸っ,4
静寂,静寂,4
らしい,らし,4
ちんちん,ちんちん,4
自慢,自慢,4
解く,解こ,4
やすい,やすい,4
何もかも,何もかも,4
遅い,遅かっ,4
暗い,暗い,4
笑い,笑い,4
大振り,大振り,4
襲う,襲い,4
反撃,反撃,4
浅い,浅い,4
別人,別人,4
素直,素直,4
期,期,4
分析,分析,4
優勝,優勝,4
勝てる,勝てる,4
目覚める,目覚め,4
眠り,眠り,4
コツ,コツ,4
靡く,靡か,4
脳裏,脳裏,4
蘇る,蘇っ,4
助かる,助から,4
尽きる,尽きる,4
捕らえる,捕らえ,4
信者,信者,4
ごく,ごく,4
腐る,腐っ,4
殺気,殺気,4
守る,守り,4
立派,立派,4
恥,恥,4
整える,整え,4
長い,長き,4
はたして,はたして,4
頼む,頼み,4
帰る,帰ら,4
被害,被害,4
ですから,ですから,4
通る,通る,4
撥ねる,撥ね,4
細い,細く,4
鼻歌,鼻歌,4
血糊,血糊,4
追う,追う,4
何と,何と,4
抱く,抱き,4
落ち込む,落ち込ん,4
元気,元気,4
騒がしい,騒がしい,4
案,案,4
陰ながら,陰ながら,4
やる,やれ,4
み,み,4
チョコ,チョコ,4
利息,利息,4
つ,つ,4
計算,計算,4
日付,日付,4
冷める,冷め,4
過ち,過ち,4
繰り返す,繰り返す,4
繰り返す,繰り返し,4
敬意,敬意,4
表す,表し,4
代々,代々,4
真っ直ぐ,真っ直ぐ,4
次第に,次第に,4
読む,読ん,4
清める,清め,4
拭く,拭い,4
赤子,赤子,4
ほんの,ほんの,4
柔らかい,柔らかく,4
松明,松明,4
振るう,振るう,4
伝わる,伝わる,4
余興,余興,4
嬲る,嬲り,4
情けない,情けない,4
誇り,誇り,4
向かう,向かい,4
吹き飛ばす,吹き飛ばし,4
合流,合流,4
砂浜,砂浜,4
歪む,歪ん,4
見開く,見開き,4
掛かる,掛かっ,4
味,味,4
停止,停止,4
粒,粒,4
覚める,覚め,4
制御,制御,4
設定,設定,4
尋ねる,尋ねる,4
素質,素質,4
そっけ,そっけ,4
薄っぺら,薄っぺら,4
倒す,倒し,4
なり,なる,4
最奥,最奥,4
筋,筋,4
勝てる,勝て,4
忠実,忠実,4
肥える,肥え,4
加える,加え,4
なれる,なれる,4
なれる,なれ,4
食う,食わ,4
見定める,見定め,4
針,針,4
染まる,染まる,4
平時,平時,4
異端,異端,4
周辺,周辺,4
宗教,宗教,4
戦争,戦争,4
け,け,4
当てる,当て,4
あら,あら,4
させる,させ,4
ぶつかる,ぶつかっ,4
眠たい,眠た,4
そのうち,そのうち,4
といった,といった,4
与える,与え,4
送る,送っ,4
ナンバーズ,ナンバーズ,4
胡散臭い,胡散臭い,4
セリフ,セリフ,4
往く,往く,4
ポーズ,ポーズ,4
下校,下校,4
起こる,起こる,4
知らせる,知らせ,4
狭い,狭い,4
クラスメート,クラスメート,4
参考,参考,4
秘める,秘め,4
脱出,脱出,4
貫く,貫い,4
抑える,抑え,4
求める,求める,4
そうね,そうね,4
特攻隊,特攻隊,4
偉い,偉,4
断つ,断つ,4
劣等,劣等,4
生,生,4
可笑しい,可笑しい,4
平然と,平然と,4
以下,以下,4
思わず,思わず,4
直後,直後,4
吹き飛ばす,吹き飛ばす,4
活躍,活躍,4
微,微,4
大柄,大柄,4
加わる,加わり,4
睨む,睨ま,4
譲る,譲っ,4
内通,内通,4
だとすれば,だとすれば,4
左右,左右,4
封じる,封じ,4
無力,無力,4
倒れる,倒れる,4
ァ,ァ,4
渦巻く,渦巻い,4
仮に,仮に,4
敗れる,敗れ,4
窺う,窺っ,4
凡人,凡人,4
汗,汗,4
迫る,迫り,4
後退,後退,4
攻める,攻め,4
回る,回る,4
途方,途方,4
異様,異様,4
恐れ,恐れ,4
龍,龍,4
迷う,迷っ,4
テロリスト,テロリスト,4
変わる,変わる,4
購入,購入,4
原作,原作,4
配信,配信,4
執筆,執筆,4
サポート,サポート,4
イラスト,イラスト,4
東西,東西,4
荒木,荒木,4
会う,会い,4
介,介,4
問い合わせ,問い合わせ,4
転載,転載,4
実技,実技,4
目覚める,目覚める,4
寝かせる,寝かせ,4
気づく,気づき,4
証,証,4
カウンター,カウンター,4
盗む,盗ん,4
反射,反射,4
礼,礼,4
店,店,4
熟練,熟練,4
酒,酒,4
マンハッタン,マンハッタン,4
見当,見当,4
ミッション,ミッション,4
暗号,暗号,4
ジュース,ジュース,4
っていう,っていう,4
着く,着く,4
眠る,眠る,4
取る,取り,4
実際,実際,4
不穏,不穏,4
顔色,顔色,4
タイミング,タイミング,4
小説,小説,4
嬢,嬢,4
有利,有利,4
あれれ,あれれ,4
眠れる,眠れ,4
早い,早かっ,4
荷物,荷物,4
美術,美術,4
らしい,らしき,4
数える,数える,4
ブツブツ,ブツブツ,4
隠し,隠し,4
仕留める,仕留め,4
払う,払っ,4
流,流,4
吊るす,吊るさ,4
立て続け,立て続け,4
ふり,ふり,4
取り巻き,取り巻き,4
いえいえ,いえいえ,4
踏み込む,踏み込ん,4
きり,きり,4
覆面,覆面,4
偵察,偵察,4
ずくめ,ずくめ,4
再現,再現,4
やって来る,やって来る,4
振る,振る,4
遺言,遺言,4
ひと,ひと,4
聴取,聴取,4
あくまで,あくまで,4
邸宅,邸宅,4
好機,好機,4
泊まる,泊まっ,4
毛布,毛布,4
盗む,盗ま,4
全体,全体,4
征服,征服,4
強力,強力,4
兎,兎,4
ドーム,ドーム,4
闘士,闘士,4
発,発,4
格,格,4
斧,斧,4
纏う,纏う,4
諸君,諸君,4
兵器,兵器,4
拍手,拍手,4
生える,生え,4
殴る,殴ら,4
父さん,父さん,4
便所,便所,4
筆跡,筆跡,4
電波,電波,4
声帯,声帯,4
号,号,4
シチュー,シチュー,4
串刺し,串刺し,3
式,式,3
尻,尻,3
まい,まい,3
覇王,覇王,3
発生,発生,3
同盟,同盟,3
乗っ取る,乗っ取っ,3
良い,良い,3
見かけ,見かけ,3
操る,操る,3
方向,方向,3
とかいう,とかいう,3
消す,消さ,3
シリアス,シリアス,3
調べる,調べよ,3
一転,一転,3
遊ぶ,遊ん,3
無い,無かっ,3
うつ,うっ,3
厳しい,厳し,3
やる,やろ,3
有り金,有り金,3
思い出,思い出,3
料,料,3
いただく,いただく,3
勝ち,勝ち,3
魂,魂,3
費,費,3
お金,お金,3
軍資金,軍資金,3
隠密,隠密,3
差し出す,差し出す,3
り,り,3
番目,番目,3
クール,クール,3
食べる,食べる,3
ごっこ,ごっこ,3
動き出す,動き出す,3
読める,読め,3
望む,望む,3
頷く,頷く,3
見逃す,見逃さ,3
こする,こすり,3
永久,永久,3
拗ねる,拗ね,3
確かめる,確かめる,3
映る,映る,3
衣,衣,3
擦れる,擦れる,3
崩れる,崩れ,3
しゃがむ,しゃがん,3
見慣れる,見慣れ,3
進む,進ま,3
緊急,緊急,3
今さら,今さら,3
望み,望み,3
話す,話さ,3
進む,進め,3
回転,回転,3
重なる,重なっ,3
留年,留年,3
微妙,微妙,3
あたり,あたり,3
変哲,変哲,3
雲,雲,3
どうじる,どうじ,3
薄情,薄情,3
連行,連行,3
さあ,さあ,3
拾い上げる,拾い上げ,3
封,封,3
放課後,放課後,3
焚き火,焚き火,3
褒める,褒め,3
囁く,囁く,3
失,失,3
輝き,輝き,3
頑張る,頑張っ,3
とろける,とろけ,3
パ,パ,3
ワン,ワン,3
吐息,吐息,3
譲渡,譲渡,3
管理,管理,3
不幸,不幸,3
華麗,華麗,3
受け流す,受け流し,3
何だか,何だか,3
構え,構え,3
忽然と,忽然と,3
降り注ぐ,降り注ぐ,3
級,級,3
欠点,欠点,3
浮く,浮い,3
っぽい,っぽく,3
新参,新参,3
規格,規格,3
普段,普段,3
真,真,3
バック,バック,3
震わせる,震わせ,3
唸る,唸る,3
駆ける,駆け,3
走る,走り,3
捕まえる,捕まえる,3
戦場,戦場,3
血痕,血痕,3
奥歯,奥歯,3
足元,足元,3
覆う,覆い,3
自嘲,自嘲,3
愕然,愕然,3
そりゃ,そりゃ,3
汚い,汚い,3
生意気,生意気,3
演出,演出,3
争い,争い,3
着,着,3
変装,変装,3
目立つ,目立つ,3
臭い,臭く,3
今頃,今頃,3
埃,埃,3
もうすぐ,もうすぐ,3
耳元,耳元,3
食,食,3
奪う,奪っ,3
ランチ,ランチ,3
日替わり,日替わり,3
定食,定食,3
資金,資金,3
優先,優先,3
タイプ,タイプ,3
節約,節約,3
レッド,レッド,3
胸元,胸元,3
崩す,崩し,3
脚,脚,3
スタイル,スタイル,3
割り込む,割り込ん,3
しける,しけ,3
若干,若干,3
ビビる,ビビり,3
確保,確保,3
卒業,卒業,3
経つ,経っ,3
低い,低,3
いちいち,いちいち,3
立ち上がる,立ち上がり,3
蹴る,蹴っ,3
引っ張る,引っ張ら,3
縛る,縛ら,3
消失,消失,3
癖,癖,3
強烈,強烈,3
飛ばす,飛ばし,3
蠢く,蠢い,3
詳しい,詳しく,3
割れ目,割れ目,3
弾く,弾い,3
つまらない,つまらな,3
泳がせる,泳がせ,3
一瞥,一瞥,3
ピンク,ピンク,3
ブロンド,ブロンド,3
使える,使え,3
怪しい,怪しい,3
消える,消える,3
視,視,3
繊細,繊細,3
速い,速く,3
非常,非常,3
練り上げる,練り上げ,3
生気,生気,3
足取り,足取り,3
真顔,真顔,3
下げる,下げる,3
もらえる,もらえ,3
決める,決める,3
眼光,眼光,3
態度,態度,3
舌打ち,舌打ち,3
明かり,明かり,3
一言,一言,3
広い,広い,3
対面,対面,3
除く,除い,3
渡す,渡さ,3
咳払い,咳払い,3
おかしい,おかしく,3
本当は,本当は,3
限界,限界,3
後悔,後悔,3
がたい,がたい,3
ひとまず,ひとまず,3
聞き覚え,聞き覚え,3
紛失,紛失,3
攫う,攫っ,3
切れる,切れ,3
がち,がち,3
選択肢,選択肢,3
突く,突か,3
一理,一理,3
窺う,窺い,3
匹敵,匹敵,3
願う,願っ,3
減る,減ら,3
立ち止まる,立ち止まる,3
下着,下着,3
セクシー,セクシー,3
捲る,捲っ,3
頼む,頼む,3
ガクガク,ガクガク,3
映る,映っ,3
理想,理想,3
暴走,暴走,3
月明かり,月明かり,3
もつ,もっ,3
食器,食器,3
銀,銀,3
消す,消す,3
到着,到着,3
装備,装備,3
汚れる,汚れ,3
銅像,銅像,3
山,山,3
適合,適合,3
吸い取る,吸い取っ,3
立ち止まる,立ち止まり,3
殺る,殺ら,3
さては,さては,3
突破,突破,3
ポジション,ポジション,3
拾う,拾わ,3
映像,映像,3
登校,登校,3
最悪,最悪,3
嬉しい,嬉しい,3
輝く,輝か,3
たまたま,たまたま,3
当初,当初,3
休む,休ん,3
潜む,潜ん,3
くれぐれも,くれぐれも,3
はまる,はまっ,3
ねる,ね,3
すっぽかす,すっぽかし,3
ついてる,ついて,3
複雑,複雑,3
どく,どい,3
うふふ,うふふ,3
言える,言え,3
戻る,戻ら,3
感動,感動,3
死ぬ,死な,3
厳しい,厳しく,3
たび,たび,3
テンション,テンション,3
起こる,起こり,3
起こす,起こし,3
幼い,幼く,3
居る,居る,3
絶叫,絶叫,3
大人,大人,3
受け流す,受け流す,3
せる,せれ,3
恥ずかしい,恥ずかし,3
落ち着く,落ち着く,3
開く,開か,3
古い,古い,3
並ぶ,並ぶ,3
学術,学術,3
ない,なき,3
機能,機能,3
意外と,意外と,3
狙い,狙い,3
解く,解く,3
のける,のけ,3
お話,お話,3
眉,眉,3
叩く,叩く,3
急速,急速,3
囲む,囲ま,3
友好,友好,3
下がる,下がっ,3
淀み,淀み,3
見逃す,見逃し,3
形勢,形勢,3
蹲る,蹲る,3
出場,出場,3
圧力,圧力,3
置く,置き,3
無様,無様,3
相応しい,相応しい,3
せめて,せめて,3
まさしく,まさしく,3
重ねる,重ね,3
溜まる,溜まり,3
ポツリ,ポツリ,3
傍ら,傍ら,3
降りる,降りる,3
傷つく,傷つき,3
得体,得体,3
排除,排除,3
妻,妻,3
か細い,か細い,3
詰まる,詰まっ,3
開発,開発,3
現在,現在,3
失う,失わ,3
浮かぶ,浮かぶ,3
奪う,奪う,3
燃える,燃える,3
美女,美女,3
グレン,グレン,3
する,すっ,3
始まる,始まり,3
作り上げる,作り上げ,3
乱暴,乱暴,3
たくさん,たくさん,3
縋る,縋る,3
妹,妹,3
容赦,容赦,3
勝ち誇る,勝ち誇っ,3
マルコ,マルコ,3
合わせる,合わせ,3
回す,回し,3
血管,血管,3
問う,問わ,3
思案,思案,3
確かめる,確かめ,3
サイン,サイン,3
軋む,軋む,3
薙ぐ,薙ぎ,3
胴体,胴体,3
子猫,子猫,3
拒絶,拒絶,3
いまいち,いまいち,3
おはよう,おはよう,3
へー,へー,3
ミルク,ミルク,3
ティー,ティー,3
つつ,つつ,3
選ぶ,選ば,3
守れる,守れる,3
いやー,いやー,3
帰る,帰れ,3
チラシ,チラシ,3
銀行,銀行,3
サービス,サービス,3
ミ,ミ,3
読む,読む,3
毎月,毎月,3
固定,固定,3
年利,年利,3
手間,手間,3
よる,よる,3
積み上げる,積み上げ,3
高み,高み,3
世話,世話,3
くらい,くらい,3
人々,人々,3
教育,教育,3
相談,相談,3
火炙り,火炙り,3
跪く,跪い,3
囲む,囲ん,3
掠れる,掠れ,3
突き刺す,突き刺し,3
滅びる,滅び,3
ふざける,ふざける,3
動ける,動け,3
じ,じ,3
救う,救っ,3
授ける,授け,3
逃がす,逃がす,3
体内,体内,3
飛ぶ,飛び,3
蠢く,蠢く,3
噴き出す,噴き出す,3
立ち塞がる,立ち塞がる,3
走れる,走れ,3
半ば,半ば,3
駆け出す,駆け出し,3
大きい,大きかっ,3
追手,追手,3
分かれる,分かれ,3
越える,越え,3
困難,困難,3
ボロボロ,ボロボロ,3
振り返る,振り返り,3
見送る,見送る,3
手足,手足,3
船,船,3
付き合い,付き合い,3
三つ,三つ,3
集める,集める,3
残る,残ら,3
始末,始末,3
薄れる,薄れ,3
途切れる,途切れ,3
見張り,見張り,3
枯れる,枯れ,3
狂う,狂っ,3
螺旋,螺旋,3
完璧,完璧,3
実は,実は,3
揺らぐ,揺らい,3
速度,速度,3
任務,任務,3
包み込む,包み込ん,3
いつしか,いつしか,3
決断,決断,3
神,神,3
困る,困り,3
貸し,貸し,3
命令,命令,3
尋ねる,尋ね,3
手段,手段,3
蜂蜜,蜂蜜,3
正しい,正しい,3
貿易,貿易,3
制限,制限,3
直に,直に,3
象徴,象徴,3
市民,市民,3
尽くす,尽くす,3
勝利,勝利,3
支える,支える,3
有事,有事,3
民,民,3
流れ落ちる,流れ落ち,3
いま,いま,3
伝える,伝える,3
次第,次第,3
ぱそこん,ぱそこん,3
寝息,寝息,3
号泣,号泣,3
発展,発展,3
応用,応用,3
全然,全然,3
侮る,侮る,3
押す,押さ,3
れる,れよ,3
展開,展開,3
学校,学校,3
降りる,降り,3
軽快,軽快,3
スキップ,スキップ,3
自習,自習,3
千切り,千切り,3
爆弾,爆弾,3
経過,経過,3
比べる,比べれ,3
参加,参加,3
切断,切断,3
絶命,絶命,3
ほっと,ほっと,3
連絡,連絡,3
ひる,ひっ,3
く,く,3
なら,なら,3
壁際,壁際,3
呼び止める,呼び止め,3
忠告,忠告,3
お互い,お互い,3
一度,一度,3
台,台,3
精神,精神,3
評判,評判,3
反対,反対,3
見捨てる,見捨て,3
本人,本人,3
襲う,襲っ,3
堂々,堂々,3
伸び,伸び,3
豪快,豪快,3
逃す,逃し,3
手当て,手当て,3
両親,両親,3
消耗,消耗,3
ぽつり,ぽつり,3
後方,後方,3
冷笑,冷笑,3
かわいそう,かわいそう,3
下ろす,下ろさ,3
条件,条件,3
助ける,助ける,3
削る,削ら,3
謝る,謝る,3
淀む,淀ん,3
脅す,脅し,3
行う,行わ,3
睨みつける,睨みつけ,3
石,石,3
みせる,みせ,3
歩み,歩み,3
下りる,下り,3
叩きつける,叩きつけ,3
話しかける,話しかける,3
常識,常識,3
荒い,荒い,3
急ぐ,急ぎ,3
失う,失い,3
人形,人形,3
眠る,眠っ,3
泡,泡,3
変形,変形,3
噴く,噴き,3
関わる,関わら,3
当たる,当たる,3
やり遂げる,やり遂げ,3
乾く,乾い,3
試す,試す,3
動作,動作,3
都合,都合,3
罰する,罰する,3
届く,届く,3
迫る,迫る,3
比べる,比べ,3
鞭,鞭,3
絶え間,絶え間,3
致命傷,致命傷,3
受け身,受け身,3
カッ,カッ,3
澄む,澄ん,3
カツ,カツ,3
鳴る,鳴る,3
キン,キン,3
踊る,踊っ,3
合間,合間,3
捌く,捌く,3
技量,技量,3
白々しい,白々しい,3
失望,失望,3
抜く,抜か,3
修練,修練,3
極限,極限,3
いかにも,いかにも,3
加速,加速,3
それどころか,それどころか,3
損,損,3
窺う,窺う,3
やり方,やり方,3
興奮,興奮,3
答える,答える,3
スタッフ,スタッフ,3
作,作,3
企画,企画,3
列伝,列伝,3
担当,担当,3
なお,なお,3
カ月,カ月,3
下品,下品,3
寝転ぶ,寝転ん,3
装飾,装飾,3
映画,映画,3
憧れる,憧れ,3
彫刻,彫刻,3
照明,照明,3
オメガ,オメガ,3
歴戦,歴戦,3
かしこまる,かしこまり,3
全般,全般,3
ウイスキー,ウイスキー,3
それなり,それなり,3
蚕,蚕,3
大きい,大き,3
動かせる,動かせる,3
エース,エース,3
街,街,3
一連,一連,3
跡,跡,3
継ぐ,継い,3
多い,多かっ,3
死に顔,死に顔,3
カップ,カップ,3
身体,身体,3
横暴,横暴,3
武力,武力,3
差し伸べる,差し伸べる,3
に対する,に対する,3
弱者,弱者,3
慌ただしい,慌ただしく,3
凶器,凶器,3
入り口,入り口,3
絵柄,絵柄,3
像,像,3
何かしら,何かしら,3
仮装,仮装,3
作品,作品,3
喜ぶ,喜ぶ,3
利,利,3
裁判,裁判,3
潜める,潜め,3
話題,話題,3
深々,深々,3
ボソッ,ボソッ,3
我慢,我慢,3
レシピ,レシピ,3
料理,料理,3
援助,援助,3
歯向かう,歯向かう,3
当主,当主,3
させる,させる,3
ノ,ノ,3
後始末,後始末,3
すむ,すま,3
くる,こい,3
痙攣,痙攣,3
前のめり,前のめり,3
担ぐ,担ぎ,3
たつ,たっ,3
支柱,支柱,3
感想,感想,3
運ぶ,運ぶ,3
待ちくたびれる,待ちくたびれ,3
季節,季節,3
重大,重大,3
濡れる,濡れ,3
瞬く,瞬く,3
付き合う,付き合う,3
あらあら,あらあら,3
つける,つける,3
撒く,撒き,3
散らす,散らし,3
殴り飛ばす,殴り飛ばし,3
腫れる,腫れ,3
やあ,やあ,3
ひょっこり,ひょっこり,3
魔道,魔道,3
具,具,3
病院,病院,3
転生,転生,3
ゴキブリ,ゴキブリ,3
検査,検査,3
凄腕,凄腕,3
覚醒,覚醒,3
後遺症,後遺症,3
この世,この世,3
止まる,止まる,3
抜き,抜き,3
売る,売ら,3
白虎,白虎,3
息子,息子,3
一斉,一斉,3
呆気ない,呆気なく,3
立てる,立て,3
損失,損失,3
決裂,決裂,3
退屈,退屈,3
怖い,怖く,3
呆気ない,呆気ない,3
皆殺し,皆殺し,3
跳ぶ,跳び,3
ふき,ふき,3
やける,やけん,3
わるい,わるい,3
みな,みな,3
ごろ,ごろ,3
かぞえる,かぞえる,3
ときどき,ときどき,3
あそぶ,あそぶ,3
指さす,指さし,3
疑い,疑い,3
浮く,浮か,3
固める,固める,3
面子,面子,3
行い,行い,3
眼,眼,3
転ぶ,転ん,3
押し掛ける,押し掛け,3
哲学,哲学,3
あり,あり,3
最高峰,最高峰,3
雲の上,雲の上,3
住宅,住宅,3
太陽,太陽,3
ペット,ペット,3
奴隷,奴隷,3
るる,るる,3
もしや,もしや,3
相応しい,相応しく,3
毎日,毎日,3
助っ人,助っ人,3
過剰,過剰,3
剣豪,剣豪,3
おお,おお,3
家紋,家紋,3
過酷,過酷,3
顰める,顰める,3
強靭,強靭,3
斬殺,斬殺,3
すれ違う,すれ違っ,3
す,す,3
暗い,暗く,3
汲む,汲ん,3
養子,養子,3
狩,狩,3
治る,治る,3
温もり,温もり,3
内臓,内臓,3
よって,よって,3
賢い,賢く,3
言い聞かせる,言い聞かせる,3
時々,時々,3
施設,施設,3
連れ去る,連れ去ら,3
美少女,美少女,3
逸材,逸材,3
相打ち,相打ち,3
西村,西村,3
妨害,妨害,3
撹乱,撹乱,3
解剖,解剖,3
抽出,抽出,3
ミソ,ミソ,3
ハンマー,ハンマー,3
街路,街路,3
樹,樹,3
目次,目次,2
序章,序章,2
一章,一章,2
帰還,帰還,2
昔話,昔話,2
終章,終章,2
滅ぼす,滅ぼし,2
補遺,補遺,2
あとがき,あとがき,2
示す,示す,2
イメージ,イメージ,2
画像,画像,2
ダウンロード,ダウンロード,2
縦,縦,2
書き,書き,2
レイアウト,レイアウト,2
リーディング,リーディング,2
表示,表示,2
ホッ,ホッ,2
学期,学期,2
始業,始業,2
王位,王位,2
継承,継承,2
盛り沢山,盛り沢山,2
ツン,ツン,2
近づく,近づか,2
導く,導い,2
裏側,裏側,2
これぞ,これぞ,2
君たち,君たち,2
解消,解消,2
正に,正に,2
悪女,悪女,2
あんなに,あんなに,2
実,実,2
突入,突入,2
震撼,震撼,2
臨機応変,臨機応変,2
単位,単位,2
時期,時期,2
そそる,そそ,2
そうですね,そうですね,2
おっ,おっ,2
チップ,チップ,2
手札,手札,2
アクション,アクション,2
始まり,始まり,2
あっさり,あっさり,2
集金,集金,2
っと,っと,2
ちく,ちく,2
する,しょ,2
騒ぐ,騒ぐ,2
そちら,そちら,2
あげる,あげよ,2
ボックス,ボックス,2
ランプ,ランプ,2
傾ける,傾ける,2
スキル,スキル,2
干す,干し,2
おみやげ,おみやげ,2
脂,脂,2
口数,口数,2
受け取る,受け取る,2
嬉しい,嬉し,2
進展,進展,2
片手,片手,2
上目,上目,2
づく,づか,2
アドリブ,アドリブ,2
リアリティ,リアリティ,2
ナイス,ナイス,2
目覚め,目覚め,2
気持ちよい,気持ちよく,2
自室,自室,2
帰省,帰省,2
横顔,横顔,2
鋼,鋼,2
重い,重,2
巻く,巻か,2
引き出し,引き出し,2
広げる,広げる,2
直接,直接,2
困惑,困惑,2
ひび割れる,ひび割れる,2
息遣い,息遣い,2
仇,仇,2
ひらり,ひらり,2
ひび割れ,ひび割れ,2
巻き込む,巻き込み,2
守る,守ろ,2
不愉快,不愉快,2
済む,済ん,2
抜け出す,抜け出す,2
閉じ込める,閉じ込め,2
理論,理論,2
毎年,毎年,2
血走る,血走っ,2
練る,練り,2
天気,天気,2
さりげ,さりげ,2
日常,日常,2
何事,何事,2
しまう,しまい,2
家出,家出,2
頑丈,頑丈,2
効果,効果,2
余地,余地,2
他人,他人,2
真っ暗,真っ暗,2
ピコピコ,ピコピコ,2
ブンブン,ブンブン,2
覆う,覆っ,2
掘る,掘っ,2
唾液,唾液,2
サイズ,サイズ,2
尋常,尋常,2
いっか,いっか,2
折れる,折れる,2
献上,献上,2
あっ,あっ,2
割る,割っ,2
無い,無く,2
爆風,爆風,2
飛ばす,飛ばさ,2
セット,セット,2
お仕置き,お仕置き,2
抜群,抜群,2
飽く,飽き,2
不足,不足,2
急所,急所,2
消し飛ぶ,消し飛ん,2
作り出す,作り出す,2
唸る,唸っ,2
冷汗,冷汗,2
吹き飛ぶ,吹き飛び,2
合掌,合掌,2
収束,収束,2
ステップ,ステップ,2
使い方,使い方,2
飛翔,飛翔,2
空白,空白,2
決着,決着,2
キレ,キレ,2
ブーツ,ブーツ,2
形相,形相,2
草木,草木,2
詰まる,詰まら,2
草,草,2
付着,付着,2
痕,痕,2
辿る,辿っ,2
出血,出血,2
佇む,佇ん,2
代償,代償,2
哀しい,哀し,2
意,意,2
撤退,撤退,2
込める,込める,2
目前,目前,2
づける,づけ,2
締める,締める,2
埋まる,埋まっ,2
関わる,関わる,2
湧き出る,湧き出,2
渦巻く,渦巻き,2
刈り取る,刈り取っ,2
様々,様々,2
真相,真相,2
よー,よー,2
放置,放置,2
芸術,芸術,2
見せつける,見せつけ,2
被る,被り,2
くっつく,くっつい,2
おく,おこ,2
空き,空き,2
屈める,屈め,2
人聞き,人聞き,2
権利,権利,2
無駄遣い,無駄遣い,2
支障,支障,2
日々,日々,2
なんとも,なんとも,2
挑戦,挑戦,2
奢る,奢っ,2
親友,親友,2
便利,便利,2
図書館,図書館,2
いまだ,いまだ,2
お世話,お世話,2
座り,座り,2
前菜,前菜,2
うまい,うまい,2
騒ぎ,騒ぎ,2
人員,人員,2
増やす,増やし,2
察し,察し,2
てっきり,てっきり,2
首席,首席,2
レベル,レベル,2
腰かける,腰かけ,2
違和感,違和感,2
透明,透明,2
土気色,土気色,2
窪む,窪ん,2
死人,死人,2
ばいいん,ばいいん,2
起き上がる,起き上がっ,2
とばす,とばし,2
心細い,心細い,2
ちょくちょく,ちょくちょく,2
お客様,お客様,2
マスク,マスク,2
半身,半身,2
ぎこち,ぎこち,2
対す,対し,2
初,初,2
襲う,襲う,2
捕らえる,捕らえる,2
大事,大事,2
眼前,眼前,2
弾く,弾き,2
生き物,生き物,2
立ち上がる,立ち上がっ,2
入団,入団,2
仮,仮,2
入ろう,入ろう,2
自分勝手,自分勝手,2
さようなら,さようなら,2
弾ける,弾ける,2
語りかける,語りかけ,2
応じる,応じる,2
寄せる,寄せ,2
厄介,厄介,2
ツケ,ツケ,2
欠席,欠席,2
点数,点数,2
挙動,挙動,2
さ迷う,さ迷わ,2
斜め,斜め,2
令嬢,令嬢,2
吹き飛ぶ,吹き飛ぶ,2
さんざん,さんざん,2
やってくる,やってき,2
めんどくさい,めんどくさい,2
霧散,霧散,2
くい,くし,2
ゴミ,ゴミ,2
ペーパー,ペーパー,2
跳ね上がる,跳ね上がっ,2
遅い,遅く,2
神経,神経,2
失う,失う,2
踏みつける,踏みつけ,2
キョロキョロ,キョロキョロ,2
踏みつぶす,踏みつぶさ,2
確定,確定,2
語り掛ける,語り掛ける,2
主張,主張,2
助かる,助かっ,2
遭う,遭っ,2
説教,説教,2
続く,続き,2
差し込む,差し込む,2
茜色,茜色,2
戻れる,戻れ,2
怒る,怒っ,2
遭う,遭わ,2
わざとらしい,わざとらしく,2
嫌う,嫌わ,2
誑かす,誑かし,2
クソ,クソ,2
よそ,よそ,2
こう,こっ,2
絢爛,絢爛,2
刺,刺,2
ふかふか,ふかふか,2
内定,内定,2
ストレス,ストレス,2
棒読み,棒読み,2
虚空,虚空,2
ぶちまける,ぶちまけ,2
擦る,擦っ,2
語る,語り,2
終える,終える,2
おおよそ,おおよそ,2
災い,災い,2
もたらす,もたらし,2
聖なる,聖なる,2
確証,確証,2
金貨,金貨,2
暗躍,暗躍,2
話し出す,話し出す,2
程,程,2
弱る,弱っ,2
脅威,脅威,2
キョトン,キョトン,2
温かい,温かく,2
握る,握る,2
痛い,痛い,2
握る,握り,2
胡散臭い,胡散臭,2
聞く,聞け,2
疑わしい,疑わしい,2
欲,欲,2
はーい,はーい,2
座る,座り,2
組む,組み,2
心地,心地,2
見せつける,見せつける,2
部分,部分,2
持ち出す,持ち出し,2
ブラ,ブラ,2
ホック,ホック,2
てる,てん,2
追いかける,追いかける,2
あんまり,あんまり,2
立ち上がり,立ち上がり,2
直す,直す,2
大義,大義,2
不敵,不敵,2
高値,高値,2
鬣,鬣,2
隅,隅,2
おっさん,おっさん,2
艶,艶,2
出せる,出せ,2
鷲,鷲,2
図面,図面,2
忍び込む,忍び込ん,2
いっぱい,いっぱい,2
選び,選び,2
物腰,物腰,2
狙う,狙っ,2
鎌,鎌,2
避ける,避ける,2
そこそこ,そこそこ,2
速い,速い,2
空ける,空け,2
手口,手口,2
斬る,斬っ,2
固い,固い,2
歪む,歪ま,2
落とす,落とす,2
処刑,処刑,2
派手,派手,2
飛び散る,飛び散っ,2
送る,送る,2
行く,行け,2
飾る,飾っ,2
率,率,2
手元,手元,2
調達,調達,2
姿勢,姿勢,2
解ける,解ける,2
飲み込む,飲み込ん,2
少なくとも,少なくとも,2
楽しめる,楽しめ,2
万全,万全,2
呼ぶ,呼び,2
いえ,いえ,2
入る,入れ,2
投影,投影,2
破る,破ら,2
呟く,呟き,2
新鮮,新鮮,2
校門,校門,2
会える,会え,2
喜ぶ,喜び,2
人ごみ,人ごみ,2
かき分ける,かき分け,2
特徴,特徴,2
くれる,くれれ,2
仕掛け,仕掛け,2
犯,犯,2
満面,満面,2
おかしな,おかしな,2
マウント,マウント,2
おまけ,おまけ,2
絞める,絞め,2
数え切れる,数え切れ,2
苦しい,苦しい,2
あんた,あんた,2
ついてる,ついてる,2
覗く,覗き,2
込む,込む,2
パターン,パターン,2
がんばれる,がんばれ,2
姉ちゃん,姉ちゃん,2
恥ずかしい,恥ずかしい,2
もったいない,もったいない,2
佇む,佇む,2
出入り,出入り,2
落ち着く,落ち着か,2
でかい,でかい,2
覆う,覆わ,2
ファンタジー,ファンタジー,2
ワンピース,ワンピース,2
悪者,悪者,2
だす,だし,2
忘れっぽい,忘れっぽい,2
凄い,凄かっ,2
要領,要領,2
離す,離す,2
出る,出よ,2
じゃう,じゃっ,2
温かい,温かい,2
閉まる,閉まる,2
痛めつける,痛めつけ,2
拾う,拾っ,2
ちん,ちん,2
やる気,やる気,2
先導,先導,2
自体,自体,2
シャンデリア,シャンデリア,2
天,天,2
色褪せる,色褪せ,2
表紙,表紙,2
冊,冊,2
自動,自動,2
ページ,ページ,2
壊す,壊し,2
基礎,基礎,2
科目,科目,2
媚,媚,2
ハート,ハート,2
がんばる,がんばっ,2
それなら,それなら,2
謹慎,謹慎,2
殺る,殺る,2
か弱い,か弱い,2
促す,促さ,2
描く,描く,2
掛かる,掛かる,2
離す,離し,2
宿る,宿る,2
昇華,昇華,2
混じる,混じっ,2
適切,適切,2
戦う,戦い,2
諦める,諦める,2
筋肉,筋肉,2
あふれる,あふれ,2
縛る,縛っ,2
なのに,なのに,2
瓶,瓶,2
強引,強引,2
場違い,場違い,2
はて,はて,2
生き恥,生き恥,2
れる,れれ,2
旅,旅,2
裏切る,裏切っ,2
重ねる,重ねる,2
たてる,たて,2
ひび,ひび,2
面,面,2
示す,示し,2
未だ,未だ,2
走る,走っ,2
美しい,美し,2
悪人,悪人,2
出世,出世,2
優れる,優れ,2
巣食う,巣食う,2
当時,当時,2
若い,若かっ,2
正しい,正しけれ,2
決定的,決定的,2
聖職,聖職,2
教え,教え,2
高位,高位,2
おぞましい,おぞましい,2
呻く,呻い,2
保護,保護,2
悲しい,悲し,2
反逆,反逆,2
お気,お気,2
逸らす,逸らさ,2
受け止める,受け止める,2
眩しい,眩し,2
ご存じ,ご存じ,2
せる,せよ,2
さらなる,さらなる,2
細胞,細胞,2
見出す,見出し,2
長年,長年,2
採取,採取,2
盤石,盤石,2
奪う,奪お,2
引き取る,引き取っ,2
お目にかかる,お目にかかり,2
団長,団長,2
各地,各地,2
理屈,理屈,2
手渡す,手渡し,2
人質,人質,2
従う,従っ,2
動,動,2
くるくる,くるくる,2
貼る,貼り,2
進捗,進捗,2
それら,それら,2
通り抜ける,通り抜け,2
記念,記念,2
参上,参上,2
太い,太い,2
ギシギシ,ギシギシ,2
爪,爪,2
無傷,無傷,2
ちっぽけ,ちっぽけ,2
踵,踵,2
交わす,交わし,2
失踪,失踪,2
貫く,貫く,2
前者,前者,2
すれ違う,すれ違う,2
隠れる,隠れる,2
歌う,歌い,2
思いつく,思いつか,2
マジ,マジ,2
隠す,隠そ,2
名誉,名誉,2
葬る,葬ら,2
本日,本日,2
早速,早速,2
たっぷり,たっぷり,2
追う,追わ,2
締める,締め,2
お菓子,お菓子,2
送る,送り,2
いやいや,いやいや,2
金利,金利,2
実家,実家,2
資産,資産,2
ビビる,ビビっ,2
くそ,くそ,2
借りる,借りる,2
潰す,潰し,2
おめでとう,おめでとう,2
寿命,寿命,2
パワー,パワー,2
楽しむ,楽しむ,2
寒い,寒い,2
ふとした,ふとした,2
格式,格式,2
部族,部族,2
知能,知能,2
待ちわびる,待ちわび,2
そうして,そうして,2
反芻,反芻,2
どうしても,どうしても,2
家系,家系,2
守れる,守れ,2
堪える,堪え,2
巻く,巻い,2
ひと月,ひと月,2
伏せる,伏せる,2
筆頭,筆頭,2
砕ける,砕ける,2
つまる,つまら,2
歩む,歩み,2
村中,村中,2
つけ,つけ,2
受け継ぐ,受け継が,2
きが,きが,2
呪い,呪い,2
祝福,祝福,2
さらす,さらし,2
立ち竦む,立ち竦ん,2
拭う,拭い,2
してやる,してやろ,2
わたる,わた,2
わたし,わたし,2
何故,何故,2
賢い,賢い,2
囲い,囲い,2
庇う,庇う,2
棘,棘,2
きの,きの,2
疾走,疾走,2
夜の森,夜の森,2
寒い,寒く,2
沿う,沿っ,2
東南,東南,2
戦える,戦え,2
どうにか,どうにか,2
自己,自己,2
苦しめる,苦しめ,2
あッ,あッ,2
良い,良かっ,2
よこす,よこす,2
送る,送れ,2
支える,支え,2
ガキ,ガキ,2
細かい,細かい,2
大気,大気,2
未,未,2
光り輝く,光り輝い,2
収まる,収まる,2
容易い,容易く,2
ポリポリ,ポリポリ,2
翻す,翻し,2
驚く,驚か,2
透き通る,透き通っ,2
蓋,蓋,2
に従って,に従って,2
難しい,難しかっ,2
寄り添う,寄り添っ,2
もたれかかる,もたれかかっ,2
背負う,背負う,2
起こる,起こら,2
即座,即座,2
浮かべる,浮かべる,2
肝,肝,2
外道,外道,2
失態,失態,2
拒む,拒ん,2
不謹慎,不謹慎,2
断つ,断ち,2
対等,対等,2
重い,重く,2
もと,もと,2
軽視,軽視,2
増長,増長,2
かく,かい,2
堕ちる,堕ち,2
低下,低下,2
ごとし,ごとき,2
嘲る,嘲る,2
魔界,魔界,2
ぶり,ぶり,2
従う,従う,2
利く,利い,2
亘る,亘り,2
使う,使い,2
最新,最新,2
苦労,苦労,2
役に立つ,役に立つ,2
声色,声色,2
溜まる,溜まっ,2
王城,王城,2
破棄,破棄,2
みなす,みなし,2
干上がる,干上がる,2
滅亡,滅亡,2
小国,小国,2
子羊,子羊,2
欲望,欲望,2
野放し,野放し,2
侮る,侮ら,2
引きずり出す,引きずり出し,2
断ち切る,断ち切る,2
明確,明確,2
勝つ,勝っ,2
弱い,弱,2
切る,切ら,2
裏切る,裏切ら,2
誓う,誓い,2
どういたしまして,どういたしまして,2
分隊,分隊,2
戸籍,戸籍,2
がり,がり,2
付き,付き,2
ちょうだい,ちょうだい,2
歩む,歩む,2
問う,問う,2
かわいらしい,かわいらしい,2
力任せ,力任せ,2
暗色,暗色,2
寝癖,寝癖,2
鼻血,鼻血,2
こい,こく,2
電気,電気,2
壊れる,壊れ,2
脱ぐ,脱い,2
大幅,大幅,2
削る,削り,2
しぶしぶ,しぶしぶ,2
離せる,離せ,2
確たる,確たる,2
夕日,夕日,2
進撃,進撃,2
昨晩,昨晩,2
アレンジ,アレンジ,2
返る,返っ,2
ノリ,ノリ,2
校庭,校庭,2
探る,探っ,2
いかに,いかに,2
叫び声,叫び声,2
高速,高速,2
個室,個室,2
入室,入室,2
張る,張る,2
飛び散る,飛び散り,2
ガード,ガード,2
だり,だり,2
緻密,緻密,2
悩む,悩ん,2
よっぽど,よっぽど,2
装着,装着,2
外す,外そ,2
死亡,死亡,2
冴える,冴え,2
たり,たる,2
ニュー,ニュー,2
完了,完了,2
話し合う,話し合っ,2
損傷,損傷,2
毎回,毎回,2
刺激,刺激,2
与える,与える,2
注意,注意,2
関わる,関わっ,2
満たす,満たす,2
敷地,敷地,2
外す,外す,2
触る,触る,2
重苦しい,重苦しい,2
駆ける,駆ける,2
一閃,一閃,2
ダーク,ダーク,2
気だるい,気だる,2
補足,補足,2
負荷,負荷,2
分ける,分ける,2
てる,てれ,2
精鋭,精鋭,2
源,源,2
辿れる,辿れる,2
言う,言お,2
力強い,力強い,2
頑張る,頑張る,2
凍る,凍っ,2
見捨てる,見捨てれ,2
囮,囮,2
無責任,無責任,2
抗議,抗議,2
障害,障害,2
急ぐ,急ぐ,2
振る舞う,振る舞っ,2
しっくり,しっくり,2
裂く,裂い,2
言える,言える,2
聞き取る,聞き取っ,2
取り囲む,取り囲ん,2
間に合う,間に合わ,2
伸びる,伸びる,2
主力,主力,2
もたれかかる,もたれかかり,2
殲滅,殲滅,2
真っ先,真っ先,2
心強い,心強い,2
妖艶,妖艶,2
いたる,いたる,2
血筋,血筋,2
恵まれる,恵まれ,2
いただける,いただける,2
道中,道中,2
生み出す,生み出さ,2
混じる,混じる,2
お呼び,お呼び,2
睨みつける,睨みつける,2
残り少ない,残り少ない,2
感心,感心,2
いただける,いただけ,2
検討,検討,2
逆らえる,逆らえ,2
逆らう,逆らっ,2
外す,外さ,2
助ける,助けよ,2
なくなる,なくなっ,2
言い訳,言い訳,2
つ,てよ,2
見逃す,見逃す,2
焦り,焦り,2
法廷,法廷,2
特筆,特筆,2
後尾,後尾,2
正面,正面,2
辻褄,辻褄,2
合う,合い,2
誘導,誘導,2
はねる,はね,2
躊躇,躊躇,2
飛ばす,飛ばす,2
眺める,眺める,2
叩きつける,叩きつける,2
はやる,はやる,2
辛い,辛,2
閉まる,閉まっ,2
ガス,ガス,2
ゆく,ゆく,2
ガスマスク,ガスマスク,2
手放す,手放し,2
安堵,安堵,2
眠らせる,眠らせ,2
指摘,指摘,2
チルドレン,チルドレン,2
関節,関節,2
両足,両足,2
舐める,舐める,2
憤怒,憤怒,2
愚弄,愚弄,2
鞘,鞘,2
軌道,軌道,2
甲高い,甲高い,2
インク,インク,2
滴る,滴り,2
困る,困る,2
よい,よけれ,2
障る,障る,2
振り返る,振り返ら,2
背負う,背負い,2
玉,玉,2
持ち上がる,持ち上がり,2
閉じる,閉じる,2
診察,診察,2
住人,住人,2
憐れ,憐れ,2
整う,整っ,2
散る,散り,2
背筋,背筋,2
重圧,重圧,2
覚える,覚える,2
練る,練っ,2
一気に,一気に,2
絡める,絡め,2
内側,内側,2
薙ぐ,薙ぐ,2
左肩,左肩,2
防ぐ,防ご,2
少ない,少なかっ,2
防げる,防げる,2
最短,最短,2
最小,最小,2
突く,突く,2
常人,常人,2
貫く,貫き,2
蔑む,蔑ま,2
積み重ね,積み重ね,2
あどけない,あどけない,2
貪欲,貪欲,2
赤い,赤き,2
捌き,捌き,2
辛うじて,辛うじて,2
大上段,大上段,2
終,終,2
切る,切る,2
降り注ぐ,降り注い,2
鳴り響く,鳴り響く,2
計る,計り,2
起こす,起こす,2
じりじり,じりじり,2
通常,通常,2
放つ,放た,2
空中,空中,2
久方ぶり,久方ぶり,2
嬉しい,嬉しく,2
癒える,癒え,2
受ける,受ける,2
謝る,謝ら,2
退る,退っ,2
込む,込ん,2
修復,修復,2
遅い,遅,2
防ぐ,防ぐ,2
法,法,2
武術,武術,2
習う,習っ,2
真理,真理,2
古,古,2
見切る,見切ら,2
攻防,攻防,2
勝者,勝者,2
歓喜,歓喜,2
える,え,2
える,える,2
治療,治療,2
手刀,手刀,2
変える,変える,2
ご苦労,ご苦労,2
単独,単独,2
軋む,軋ん,2
不可欠,不可欠,2
浮かび上がる,浮かび上がっ,2
ない,なかろ,2
三日月,三日月,2
塗り潰す,塗り潰さ,2
かけ,かけ,2
どれほど,どれほど,2
呼び止める,呼び止める,2
好評,好評,2
放送,放送,2
仕上げる,仕上げ,2
監修,監修,2
書き下ろす,書き下ろし,2
語る,語ら,2
フィギュア,フィギュア,2
編集,編集,2
素敵,素敵,2
本書,本書,2
彩る,彩っ,2
バル,バル,2
コロニー,コロニー,2
著い,著,2
下記,下記,2
もとづく,もとづい,2
制作,制作,2
初版,初版,2
山下,山下,2
直久,直久,2
株式会社,株式会社,2
お答え,お答え,2
国内,国内,2
装丁,装丁,2
恵里,恵里,2
加,加,2
または,または,2
複製,複製,2
送信,送信,2
改変,改変,2
改ざん,改ざん,2
承諾,承諾,2
規約,規約,2
有償,有償,2
無償,無償,2
かかわる,かかわら,2
第三者,第三者,2
底本,底本,2
取材,取材,2
もとづく,もとづき,2
泊まり,泊まり,2
怪物,怪物,2
ようこそ,ようこそ,2
プロフィール,プロフィール,2
筆記,筆記,2
来週,来週,2
浴びる,浴び,2
退場,退場,2
値,値,2
テーマ,テーマ,2
光る,光る,2
制,制,2
始める,始める,2
颯爽,颯爽,2
出かける,出かけ,2
間接,間接,2
板,板,2
取り出す,取り出そ,2
ルーム,ルーム,2
承知,承知,2
金髪,金髪,2
ショートカット,ショートカット,2
シェイク,シェイク,2
飲む,飲む,2
アルコール,アルコール,2
プロ,プロ,2
乗る,乗っ,2
一息,一息,2
飲み干す,飲み干し,2
ふる,ふっ,2
一端,一端,2
改革,改革,2
逃走,逃走,2
半日,半日,2
なる,なろ,2
根,根,2
末席,末席,2
不,不,2
似顔絵,似顔絵,2
経歴,経歴,2
並み,並み,2
卓上,卓上,2
工作,工作,2
費用,費用,2
多い,多,2
痛い,痛かっ,2
中年,中年,2
相応,相応,2
利害,利害,2
もらえる,もらえる,2
見た目,見た目,2
本質,本質,2
使用人,使用人,2
鳴らす,鳴らす,2
怒声,怒声,2
虚しい,虚しく,2
抱く,抱い,2
押し倒す,押し倒し,2
大金,大金,2
隈,隈,2
働く,働い,2
咎める,咎める,2
引き出す,引き出し,2
取り出す,取り出す,2
手配,手配,2
記事,記事,2
大いなる,大いなる,2
最大限,最大限,2
着替える,着替え,2
絨毯,絨毯,2
目付け,目付け,2
仰向け,仰向け,2
返る,返る,2
規模,規模,2
比較,比較,2
回りくどい,回りくどい,2
怨恨,怨恨,2
考え込む,考え込ん,2
衣装,衣装,2
盗み聞き,盗み聞き,2
難しい,難しく,2
腕利き,腕利き,2
及ぶ,及び,2
固まる,固まっ,2
零す,零し,2
中身,中身,2
長方形,長方形,2
悪行,悪行,2
買う,買っ,2
及ぶ,及ば,2
不利,不利,2
なりふり,なりふり,2
提案,提案,2
忘れ物,忘れ物,2
すみません,すみません,2
刈る,刈ら,2
とく,とく,2
逃げる,逃げよ,2
数える,数え,2
それと,それと,2
帰れる,帰れ,2
応接間,応接間,2
だ,だら,2
黒目,黒目,2
泊まる,泊まる,2
抹茶,抹茶,2
トリュフ,トリュフ,2
どん,どん,2
飾る,飾ら,2
豪邸,豪邸,2
よーく,よーく,2
食堂,食堂,2
駆け寄る,駆け寄っ,2
同室,同室,2
窓際,窓際,2
本戦,本戦,2
飲む,飲み,2
バス,バス,2
話し出す,話し出し,2
夕食,夕食,2
寿司,寿司,2
食材,食材,2
文化,文化,2
楽しい,楽しく,2
時刻,時刻,2
おやすみ,おやすみ,2
かぶる,かぶっ,2
誤魔化す,誤魔化す,2
書斎,書斎,2
弱体,弱体,2
招く,招い,2
誠意,誠意,2
武闘,武闘,2
バカバカしい,バカバカしい,2
推測,推測,2
寄生虫,寄生虫,2
葉巻,葉巻,2
練れる,練れ,2
追跡,追跡,2
絶,絶,2
新入り,新入り,2
ちまう,ちまえ,2
団体,団体,2
支援,支援,2
めんどい,めんどく,2
焦る,焦る,2
継続,継続,2
結構,結構,2
出所,出所,2
雇い主,雇い主,2
薙ぎ払う,薙ぎ払っ,2
叩く,叩い,2
大通り,大通り,2
前回,前回,2
不能,不能,2
外傷,外傷,2
同,同,2
離れる,離れよ,2
含める,含め,2
愛,愛,2
呆れる,呆れ,2
昼,昼,2
写し,写し,2
使う,使え,2
鞄,鞄,2
寝泊まり,寝泊まり,2
いらっしゃる,いらっしゃっ,2
配慮,配慮,2
欠く,欠い,2
振り回す,振り回す,2
いらっしゃる,いらっしゃら,2
くださる,くださる,2
万が一,万が一,2
塞ぐ,塞い,2
散らす,散らす,2
太る,太っ,2
かねる,かね,2
メートル,メートル,2
はっ,はっ,2
パーセント,パーセント,2
医療,医療,2
器具,器具,2
脈,脈,2
校医,校医,2
知り合い,知り合い,2
照れ臭い,照れ臭,2
別状,別状,2
揺らぎ,揺らぎ,2
週間,週間,2
いる,いよ,2
いざ,いざ,2
父親,父親,2
風呂,風呂,2
後詰,後詰,2
破門,破門,2
暴力,暴力,2
尽くす,尽くし,2
上回る,上回る,2
超越,超越,2
使い手,使い手,2
やる,や,2
抜け出る,抜け出,2
呪う,呪っ,2
追える,追え,2
生き残る,生き残る,2
未だに,未だに,2
有数,有数,2
鮮やか,鮮やか,2
到底,到底,2
怪訝,怪訝,2
なくす,なくし,2
縋る,縋り,2
進める,進める,2
遮る,遮る,2
君臨,君臨,2
武者,武者,2
現す,現し,2
威勢,威勢,2
瞬く,瞬い,2
如し,如き,2
届ける,届け,2
故郷,故郷,2
とく,とけ,2
死にかける,死にかけ,2
謝る,謝っ,2
刑,刑,2
やすい,やすく,2
着せる,着せ,2
見方,見方,2
待機,待機,2
持ちきる,持ちきり,2
できる,できれ,2
狙う,狙う,2
考察,考察,2
伝える,伝えよ,2
そうなると,そうなると,2
捕獲,捕獲,2
かき集める,かき集め,2
例外,例外,2
潮時,潮時,2
払う,払う,2
政治,政治,2
滅ぶ,滅ん,2
だからといって,だからといって,2
限度,限度,2
しわ寄せ,しわ寄せ,2
役に立つ,役に立た,2
防具,防具,2
潰れる,潰れ,2
選ぶ,選ぶ,2
保つ,保た,2
無用,無用,2
帰り道,帰り道,2
入れる,入れれ,2
押す,押す,2
ゆえに,ゆえに,2
講演,講演,2
論文,論文,2
寝る,寝れ,2
異論,異論,2
出来,出来,2
見破れる,見破れ,2
教養,教養,2
欠片,欠片,2
根っから,根っから,2
貧乏人,貧乏人,2
不敬,不敬,2
来る,来い,2
嗅ぐ,嗅ぎ,2
シベリアンハスキー,シベリアンハスキー,2
彷彿,彷彿,2
世,世,2
パタパタ,パタパタ,2
コミュニケーション,コミュニケーション,2
晩餐,晩餐,2
移る,移っ,2
楽しむ,楽しん,2
個人,個人,2
鎧,鎧,2
楽しむ,楽しま,2
ショー,ショー,2
緒戦,緒戦,2
なす,なし,2
自信満々,自信満々,2
キャッ,キャッ,2
改めて,改めて,2
健在,健在,2
口調,口調,2
倒す,倒す,2
囲む,囲む,2
剛,剛,2
対戦,対戦,2
おいおい,おいおい,2
何たる,何たる,2
染める,染める,2
経営,経営,2
得物,得物,2
散開,散開,2
ジリジリ,ジリジリ,2
周,周,2
静まり返る,静まり返っ,2
踏み出す,踏み出し,2
無造作,無造作,2
合う,合わ,2
滑稽,滑稽,2
大陸,大陸,2
大した,大した,2
次元,次元,2
切り裂く,切り裂い,2
見下す,見下し,2
歪,歪,2
生物,生物,2
異形,異形,2
性別,性別,2
保つ,保っ,2
融合,融合,2
奔流,奔流,2
察する,察する,2
握る,握ら,2
応える,応える,2
肥大,肥大,2
殴る,殴る,2
叫び,叫び,2
起き上がる,起き上がる,2
傑作,傑作,2
造形,造形,2
イトミミズ,イトミミズ,2
こぼれる,こぼれ,2
ともあれ,ともあれ,2
絶する,絶する,2
軌跡,軌跡,2
渡る,渡る,2
柔らか,柔らか,2
糸,糸,2
冷や汗,冷や汗,2
怨霊,怨霊,2
座る,座る,2
雑談,雑談,2
敗北,敗北,2
団結,団結,2
次世代,次世代,2
弱み,弱み,2
かける,かけれ,2
隣室,隣室,2
薄手,薄手,2
ネグリジェ,ネグリジェ,2
はだける,はだけ,2
待ち望む,待ち望ん,2
盗賊,盗賊,2
財布,財布,2
地平線,地平線,2
年上,年上,2
滲む,滲む,2
歯,歯,2
食いしばる,食いしばっ,2
おいで,おいで,2
寝床,寝床,2
話す,話せ,2
細る,細っ,2
通す,通し,2
産める,産め,2
ギュッ,ギュッ,2
咳き込む,咳き込ん,2
うっかり,うっかり,2
兄たち,兄たち,2
絶える,絶え,2
返る,返り,2
虐げる,虐げ,2
大物,大物,2
捌ける,捌ける,2
無遠慮,無遠慮,2
挟む,挟み,2
きつい,きつく,2
泥,泥,2
西野,西野,2
取り戻す,取り戻し,2
切り離す,切り離し,2
運用,運用,2
実用,実用,2
マース,マース,2
握手,握手,2
半月,半月,2
痺れる,痺れる,2
自力,自力,2
痛める,痛め,2
プレッシャー,プレッシャー,2
下りる,下りる,2
寝かす,寝かさ,2
白髪,白髪,2
飛び降りる,飛び降りる,2
走り去る,走り去っ,2
帰れる,帰れる,2
落ち着ける,落ち着け,2
暮らす,暮らす,2
インテリア,インテリア,2
和食,和食,2
一任,一任,2
観念,観念,2
行使,行使,2
逆さ,逆さ,2
もがく,もがく,2
創り出す,創り出し,2
ずぶ,ずぶ,2
直感,直感,2
告げる,告げ,2
除く,除く,2
鎮静,鎮静,2
剤,剤,2
動物,動物,2
正常,正常,2
状態,状態,2
切除,切除,2
整理,整理,2
発音,発音,2
知的,知的,2
法則,法則,2
遮断,遮断,2
アルミホイル,アルミホイル,2
木漏れ日,木漏れ日,2
暮らす,暮らし,2
車,車,2
走る,走ら,2
機関,機関,2
知力,知力,2
張り合う,張り合っ,2
シーズン,シーズン,2
いただける,いただけれ,2
読者,読者,2
間に合う,間に合っ,1
ナンパ,ナンパ,1
急用,急用,1
締め,締め,1
居場所,居場所,1
可愛い,可愛い,1
刺す,刺さ,1
国中,国中,1
ぬ,ざる,1
醍醐味,醍醐味,1
乗っ取る,乗っ取ら,1
なんせ,なんせ,1
導く,導き,1
ほかなる,ほかなら,1
立役者,立役者,1
堕ちる,堕ちる,1
世論,世論,1
喚ぶ,喚び,1
虐殺,虐殺,1
極悪,極悪,1
非道,非道,1
よる,よら,1
もって,もって,1
結婚,結婚,1
悪役,悪役,1
ルート,ルート,1
転換,転換,1
きな臭い,きな臭い,1
陰謀,陰謀,1
論,論,1
逃避,逃避,1
ボチボチ,ボチボチ,1
進級,進級,1
これこれ,これこれ,1
富豪,富豪,1
泣き,泣き,1
がっぽり,がっぽり,1
立つ,立と,1
レート,レート,1
臨時,臨時,1
収入,収入,1
カモ,カモ,1
ネギ,ネギ,1
潤沢,潤沢,1
摘む,摘ん,1
オール,オール,1
イン,イン,1
賭ける,賭け,1
コール,コール,1
まんまと,まんまと,1
嵌る,嵌,1
まつ,まっ,1
ほくそ笑む,ほくそ笑ん,1
学習,学習,1
スリー,スリー,1
今月,今月,1
取り戻す,取り戻さ,1
うわ言,うわ言,1
閉める,閉める,1
見抜ける,見抜け,1
沖,沖,1
獲る,獲,1
のる,のっ,1
今季,今季,1
正反対,正反対,1
餌,餌,1
さてと,さてと,1
訊ねる,訊ねる,1
サッと,サッと,1
枯れる,枯れよ,1
仰ぐ,仰ぐ,1
足りる,足りん,1
互いに,互いに,1
感じ取る,感じ取っ,1
かまう,かまわ,1
見極め,見極め,1
厳か,厳か,1
壮大,壮大,1
見極める,見極める,1
毛,毛,1
ぐっすり,ぐっすり,1
起きる,起きよ,1
膨らむ,膨らま,1
破る,破れ,1
春休み,春休み,1
弄る,弄り,1
治まる,治まっ,1
描く,描か,1
振り向く,振り向き,1
ざま,ざま,1
肘鉄,肘鉄,1
砕く,砕い,1
踏みとどまる,踏みとどまる,1
こむ,こま,1
直伝,直伝,1
白目,白目,1
学友,学友,1
取り残す,取り残さ,1
面倒い,面倒く,1
逃げる,逃げろ,1
遠ざける,遠ざけよ,1
滲む,滲み,1
恩,恩,1
大声,大声,1
絶交,絶交,1
悪口,悪口,1
言いふらす,言いふらし,1
ムッ,ムッ,1
苛立つ,苛立ち,1
募る,募る,1
イライラ,イライラ,1
まっすぐ,まっすぐ,1
ぶっ飛ばす,ぶっ飛ばし,1
試験,試験,1
通,通,1
キープ,キープ,1
く,け,1
圧縮,圧縮,1
ガラッ,ガラッ,1
曇る,曇っ,1
集まる,集まる,1
鳥,鳥,1
風景,風景,1
向く,向き,1
流す,流さ,1
過ぎ去る,過ぎ去っ,1
振り向く,振り向か,1
す,さ,1
紅い,紅い,1
試みる,試み,1
こんにちは,こんにちは,1
どど,どど,1
朝食,朝食,1
訪ねる,訪ね,1
度々,度々,1
議論,議論,1
連れ去る,連れ去ろ,1
もみ合う,もみ合っ,1
泳ぐ,泳い,1
戻す,戻し,1
アイテム,アイテム,1
本格,本格,1
症状,症状,1
言い方,言い方,1
干物,干物,1
消灯,消灯,1
焼ける,焼け,1
浄化,浄化,1
腐る,腐ら,1
ぼーっと,ぼーっと,1
よい,よし,1
くさい,くさ,1
発想,発想,1
まみれ,まみれ,1
売れる,売れる,1
ビー玉,ビー玉,1
ぐちゃぐちゃ,ぐちゃぐちゃ,1
土産,土産,1
かぶりつく,かぶりつい,1
枝,枝,1
凍える,凍える,1
ルル,ルル,1
威嚇,威嚇,1
丸,丸,1
能,能,1
どっか,どっか,1
ぶっ飛ばす,ぶっ飛ばす,1
他者,他者,1
保身,保身,1
すれ違い,すれ違い,1
互い,互い,1
略奪,略奪,1
いちゃもん,いちゃもん,1
相性,相性,1
しょっちゅう,しょっちゅう,1
畑,畑,1
半壊,半壊,1
ぶっとばす,ぶっとばす,1
這う,這い,1
およそ,およそ,1
こなす,こなし,1
究極,究極,1
天賦,天賦,1
気まぐれ,気まぐれ,1
一芸,一芸,1
極める,極める,1
豪,豪,1
集い,集い,1
作り出す,作り出し,1
舞い上がる,舞い上がる,1
必殺,必殺,1
控えめ,控えめ,1
申告,申告,1
殺傷,殺傷,1
絶大,絶大,1
刻む,刻み,1
浮かび上がる,浮かび上がら,1
グッ,グッ,1
咆哮,咆哮,1
轟く,轟い,1
衝撃波,衝撃波,1
駆け抜ける,駆け抜ける,1
身の毛,身の毛,1
逆立つ,逆立っ,1
暴君,暴君,1
証す,証し,1
さよなら,さよなら,1
成仏,成仏,1
比喩,比喩,1
視力,視力,1
細か,細か,1
突風,突風,1
観戦,観戦,1
騒ぐ,騒げ,1
木々,木々,1
茂る,茂り,1
手入れ,手入れ,1
森林,森林,1
夜露,夜露,1
湿る,湿っ,1
悠長,悠長,1
茂み,茂み,1
かき分ける,かき分ける,1
追いつく,追いつい,1
むせ返る,むせ返る,1
同僚,同僚,1
ずさん,ずさん,1
疑う,疑う,1
中断,中断,1
詰まる,詰まる,1
介す,介さ,1
浸る,浸っ,1
下がる,下がり,1
居る,居,1
突き付ける,突き付け,1
努力,努力,1
はためく,はためき,1
吹く,吹き,1
前進,前進,1
保存,保存,1
立ちすくむ,立ちすくん,1
そん,そん,1
観測,観測,1
手伝い,手伝い,1
仏,仏,1
ともかく,ともかく,1
演習,演習,1
ぶちかます,ぶちかまし,1
繰り広げる,繰り広げ,1
凄惨,凄惨,1
行く末,行く末,1
憂える,憂える,1
溢れる,溢れる,1
高い,高かっ,1
紀元前,紀元前,1
鉄板,鉄板,1
思い返す,思い返す,1
にやける,にやけ,1
刻み込む,刻み込ま,1
清掃,清掃,1
員,員,1
ニット,ニット,1
帽,帽,1
恰好,恰好,1
端的,端的,1
ほか,ほか,1
くっつく,くっつく,1
肘,肘,1
撒く,撒い,1
連れ込む,連れ込ま,1
ピタッ,ピタッ,1
任せる,任せよ,1
探る,探ら,1
勘,勘,1
昼休み,昼休み,1
学,学,1
昼食,昼食,1
贅沢,贅沢,1
奪い取る,奪い取っ,1
正当,正当,1
順位,順位,1
サラサラ,サラサラ,1
大胆,大胆,1
ファッション,ファッション,1
付く,付き,1
合わす,合わさ,1
割り込み,割り込み,1
野望,野望,1
デラックス,デラックス,1
頼む,頼め,1
ぼる,ぼ,1
オーラ,オーラ,1
たかる,たかる,1
等席,等席,1
向かい,向かい,1
見かける,見かけ,1
見張る,見張る,1
落ちこぼれる,落ちこぼれ,1
飄々,飄々,1
スープ,スープ,1
教える,教える,1
かわいい,かわいく,1
むかつく,むかつく,1
本音,本音,1
組む,組も,1
とばす,とばさ,1
負,負,1
さ迷う,さ迷っ,1
殴れる,殴れ,1
ぶん殴る,ぶん殴っ,1
感触,感触,1
弱まる,弱まっ,1
頻度,頻度,1
上がる,上がり,1
肉薄,肉薄,1
先回り,先回り,1
ふらつく,ふらつく,1
峰打ち,峰打ち,1
頑張る,頑張れ,1
禄,禄,1
副業,副業,1
手土産,手土産,1
降り立つ,降り立つ,1
冷ややか,冷ややか,1
退る,退り,1
認識,認識,1
揺らめく,揺らめき,1
投げ込む,投げ込ま,1
遠ざかる,遠ざかり,1
込む,込ま,1
相対,相対,1
計る,計る,1
毛穴,毛穴,1
裂け目,裂け目,1
跪く,跪く,1
プラン,プラン,1
望ましい,望ましい,1
見極める,見極めろ,1
組み,組み,1
祈り,祈り,1
捧げる,捧げる,1
しわ,しわ,1
落第,落第,1
頼る,頼り,1
過言,過言,1
神業,神業,1
こい,こ,1
もはや,もはや,1
五指,五指,1
書き写す,書き写し,1
良い,良く,1
書き写す,書き写す,1
明るい,明るく,1
遮蔽,遮蔽,1
動く,動け,1
目視,目視,1
かつ目,かつ目,1
高等,高等,1
技能,技能,1
休日,休日,1
潰れる,潰れる,1
名折れ,名折れ,1
ぶっつけ,ぶっつけ,1
本番,本番,1
くらう,くらえ,1
自白,自白,1
取り直す,取り直し,1
滝,滝,1
覚束無い,覚束無い,1
光らせる,光らせる,1
妥協,妥協,1
特,特,1
刮目,刮目,1
起きる,起きる,1
伏線,伏線,1
回れる,回れ,1
呼び出し,呼び出し,1
病が,病が,1
空欄,空欄,1
指導室,指導室,1
散々,散々,1
主任,主任,1
よる,よっ,1
会う,会え,1
ひどい,ひどい,1
興味深い,興味深,1
泳がせる,泳がせる,1
猫かぶり,猫かぶり,1
花,花,1
咲く,咲い,1
がっしり,がっしり,1
組む,組ま,1
夕暮れ,夕暮れ,1
灯す,灯し,1
生地,生地,1
税金,税金,1
言い合う,言い合い,1
あらためて,あらためて,1
文武両道,文武両道,1
急激,急激,1
似つく,似つか,1
上ずる,上ずっ,1
ごまかす,ごまかす,1
ジャンプ,ジャンプ,1
清々しい,清々しい,1
上っ面,上っ面,1
文,文,1
脈絡,脈絡,1
つく,つこ,1
凝らす,凝らし,1
出会い,出会い,1
だす,だす,1
たてる,たてる,1
荒唐無稽,荒唐無稽,1
文書,文書,1
唯一,唯一,1
語りかける,語りかける,1
オーク,オーク,1
絶滅,絶滅,1
生理,生理,1
落書き,落書き,1
武勇,武勇,1
伝,伝,1
キリッ,キリッ,1
潜り込む,潜り込ん,1
頼れる,頼れる,1
企む,企ん,1
企む,企む,1
権限,権限,1
手続き,手続き,1
忍び込む,忍び込む,1
取り消し,取り消し,1
集結,集結,1
伏し目,伏し目,1
意表,意表,1
対立,対立,1
無条件,無条件,1
懸念,懸念,1
エリザベート,エリザベート,1
間違う,間違え,1
練る,練れ,1
始まる,始まら,1
思いがけない,思いがけない,1
憑かれる,憑かれ,1
置き去り,置き去り,1
頑張る,頑張ろ,1
虫,虫,1
安い,安い,1
同士,同士,1
とある,とある,1
ますます,ますます,1
まみれる,まみれ,1
打ち切る,打ち切っ,1
一声,一声,1
おくれる,おくれよ,1
組み合わせ,組み合わせ,1
招き入れる,招き入れる,1
簡素,簡素,1
やり場,やり場,1
穿く,穿き,1
品番,品番,1
オススメ,オススメ,1
手短,手短,1
夜ふかし,夜ふかし,1
大敵,大敵,1
ない,なくっ,1
いい,いいっ,1
訳,訳,1
忍び込める,忍び込める,1
落ち着き,落ち着き,1
揺らす,揺らす,1
つかれる,つかれ,1
話し合う,話し合わ,1
乳房,乳房,1
迷い,迷い,1
迷う,迷う,1
狭間,狭間,1
無心,無心,1
爆音,爆音,1
バール,バール,1
出かける,出かける,1
マイ,マイ,1
ブーム,ブーム,1
洗い流す,洗い流し,1
かざす,かざす,1
幻想,幻想,1
籠,籠,1
値段,値段,1
オークション,オークション,1
出品,出品,1
買い物,買い物,1
買う,買い,1
そろえる,そろえよ,1
獅子,獅子,1
ストール,ストール,1
クリスタル,クリスタル,1
安物,安物,1
至極,至極,1
彫り,彫り,1
眼孔,眼孔,1
澄ます,澄ます,1
合わせる,合わせる,1
輩,輩,1
ばる,ばっ,1
ちり,ちり,1
おく,おか,1
無害,無害,1
初日,初日,1
からには,からには,1
こる,こっ,1
ないし,ないし,1
特殊,特殊,1
欺く,欺い,1
派遣,派遣,1
人違い,人違い,1
火花,火花,1
斬る,斬れ,1
動く,動こ,1
速,速,1
くり抜く,くり抜い,1
殺生,殺生,1
奪い取る,奪い取り,1
どうし,どうし,1
掃除,掃除,1
ファイル,ファイル,1
書き込む,書き込む,1
伸縮,伸縮,1
せわしない,せわしなく,1
往復,往復,1
正す,正す,1
唾,唾,1
興味,興味,1
隠れ,隠れ,1
期す,期し,1
欲しい,欲しかっ,1
遅れ,遅れ,1
本部,本部,1
増援,増援,1
増員,増員,1
頂ける,頂けれ,1
多少,多少,1
長らく,長らく,1
聖女,聖女,1
かの,かの,1
層,層,1
爽快,爽快,1
タダ,タダ,1
鑑賞,鑑賞,1
一足,一足,1
遅刻,遅刻,1
道行く,道行く,1
顔ぶれ,顔ぶれ,1
くぐる,くぐっ,1
浴びる,浴びれ,1
くぐる,くぐる,1
猛獣,猛獣,1
黙る,黙る,1
人だかり,人だかり,1
ざわめき,ざわめき,1
惨い,惨い,1
映え,映え,1
高鳴る,高鳴る,1
すっかり,すっかり,1
言える,言えよ,1
盛り上がる,盛り上がっ,1
盛り上げる,盛り上げ,1
深緑,深緑,1
用事,用事,1
離れる,離れる,1
会う,会わ,1
取り返す,取り返す,1
観衆,観衆,1
引きずる,引きずら,1
墓穴,墓穴,1
苦しい,苦しく,1
近づける,近づけ,1
清らか,清らか,1
節穴,節穴,1
でまかせ,でまかせ,1
見通し,見通し,1
ハイ,ハイ,1
立ち向かう,立ち向かう,1
駄目,駄目,1
挑む,挑む,1
がんばれる,がんばれる,1
狙われる,狙われる,1
がんばる,がんばる,1
やっつける,やっつける,1
やっつける,やっつけろ,1
場面,場面,1
中学,中学,1
年生,年生,1
大粒,大粒,1
背骨,背骨,1
茶番,茶番,1
待ち,待ち,1
非,非,1
ワクワク,ワクワク,1
台風,台風,1
昼間,昼間,1
激しい,激しい,1
活かす,活かし,1
飽き飽きする,飽き飽きし,1
ぶち壊す,ぶち壊す,1
転落,転落,1
画期的,画期的,1
唱える,唱え,1
気象,気象,1
染まる,染まり,1
移す,移さ,1
なる,なん,1
悩む,悩み,1
かきむしる,かきむしり,1
メモリ,メモリ,1
減らす,減らし,1
びっくり,びっくり,1
直線,直線,1
ベクトル,ベクトル,1
ずらす,ずらし,1
流し込む,流し込む,1
やすの,やすの,1
密着,密着,1
はなす,はなし,1
はな,はな,1
収まる,収まっ,1
ほぐれる,ほぐれ,1
ちゃう,ちゃう,1
追いかける,追いかけ,1
探求,探求,1
見つける,見つけれ,1
吹き飛ばす,吹き飛ばせ,1
会える,会える,1
頂戴,頂戴,1
ポトリ,ポトリ,1
ぽつんと,ぽつんと,1
粒子,粒子,1
怒る,怒る,1
たらす,たらし,1
どかす,どかし,1
決意,決意,1
ゴマ,ゴマ,1
正解,正解,1
感嘆,感嘆,1
かな,かな,1
そびえる,そびえる,1
照らす,照らす,1
独特,独特,1
風格,風格,1
明ける,明け,1
念じる,念じる,1
づくり,づくり,1
浮かぶ,浮かび,1
ぶっ,ぶっ,1
従順,従順,1
うんざり,うんざり,1
読める,読める,1
不人気,不人気,1
履修,履修,1
媚びる,媚び,1
びな,びな,1
わる,わる,1
しゃべる,しゃべっ,1
精,精,1
デブ,デブ,1
やめる,やめる,1
有能,有能,1
捲る,捲り,1
淡い,淡く,1
光らせる,光らせ,1
むく,むか,1
むかし,むかし,1
取り合う,取り合っ,1
行ける,行ける,1
つっかえる,つっかえ,1
解く,解き,1
てる,てろ,1
長居,長居,1
細長い,細長い,1
持ち出し,持ち出し,1
尚更,尚更,1
退学,退学,1
据わる,据わっ,1
自殺,自殺,1
小走り,小走り,1
気に入る,気に入ら,1
左手,左手,1
築く,築か,1
背中合わせ,背中合わせ,1
見張る,見張っ,1
繰り出す,繰り出す,1
仕切る,仕切り,1
驚く,驚き,1
賞賛,賞賛,1
真似る,真似,1
表現,表現,1
暇,暇,1
なにやら,なにやら,1
追い抜く,追い抜く,1
洗いざらい,洗いざらい,1
拘る,拘ら,1
くすぐる,くすぐっ,1
弛緩,弛緩,1
惑わす,惑わす,1
耐える,耐え,1
輝かしい,輝かしい,1
すくう,すくわ,1
ロープ,ロープ,1
選手,選手,1
他国,他国,1
思い浮かべる,思い浮かべ,1
轟かせる,轟かせ,1
生かす,生かし,1
おける,おけ,1
生け贄,生け贄,1
近づける,近づける,1
休む,休み,1
そむける,そむけ,1
遠のく,遠のい,1
引き裂く,引き裂く,1
引き裂く,引き裂か,1
舞い降りる,舞い降り,1
纏う,纏い,1
ゆらりと,ゆらりと,1
直々,直々,1
在り方,在り方,1
如何にも,如何にも,1
嫌悪,嫌悪,1
渦,渦,1
彷徨く,彷徨い,1
晒す,晒す,1
晒す,晒し,1
終着,終着,1
愚者,愚者,1
末路,末路,1
薄々,薄々,1
参る,参る,1
薙ぎ払う,薙ぎ払い,1
襲いかかる,襲いかかる,1
儚い,儚く,1
脆い,脆く,1
寂しい,寂しい,1
振り切る,振り切っ,1
かき消す,かき消し,1
咳込む,咳込み,1
一蹴,一蹴,1
悔しい,悔し,1
無い,無き,1
呼び覚ます,呼び覚ます,1
晴れる,晴れ,1
暴く,暴き,1
害虫,害虫,1
勘違い,勘違い,1
乗り込む,乗り込み,1
鉄槌,鉄槌,1
下す,下そ,1
集める,集めよ,1
関,関,1
信仰,信仰,1
辛抱強い,辛抱強く,1
植え付ける,植え付け,1
閉まる,閉まり,1
落とす,落とさ,1
出世頭,出世頭,1
引き換え,引き換え,1
売る,売り,1
奥さん,奥さん,1
天寿,天寿,1
全う,全う,1
歯向かう,歯向かお,1
断ち切る,断ち切ら,1
歩む,歩も,1
助言,助言,1
適応,適応,1
不完全,不完全,1
錠剤,錠剤,1
不出来,不出来,1
弟子,弟子,1
副作用,副作用,1
凌ぐ,凌ぐ,1
滴,滴,1
飲む,飲め,1
老い,老い,1
このまま,このまま,1
運営,運営,1
揺らぐ,揺らぎ,1
吸う,吸い,1
紡ぐ,紡ぐ,1
死に際,死に際,1
ぞんざい,ぞんざい,1
聞き返す,聞き返し,1
蛇,蛇,1
目と,目と,1
青白い,青白い,1
薄気味悪い,薄気味悪く,1
お初,お初,1
後任,後任,1
働く,働き,1
殺戮,殺戮,1
かぶせる,かぶせ,1
ぶ厚い,ぶ厚い,1
演技,演技,1
自供,自供,1
作成,作成,1
投げ捨てる,投げ捨て,1
紙切れ,紙切れ,1
物的,物的,1
手渡す,手渡そ,1
背ける,背け,1
騙す,騙さ,1
初期,初期,1
継ぐ,継ぐ,1
運び出す,運び出し,1
軽やか,軽やか,1
踊る,踊る,1
立てる,立てる,1
ふう,ふい,1
連れ出す,連れ出し,1
解析,解析,1
手の平,手の平,1
可視,可視,1
脈打つ,脈打ち,1
済み,済み,1
自ら,自ら,1
かざす,かざし,1
拝む,拝ん,1
いく,いこ,1
重,重,1
更に,更に,1
形作る,形作っ,1
混じる,混じり,1
浮く,浮き,1
忘れる,忘れる,1
貴方,貴方,1
現,現,1
段階,段階,1
目標,目標,1
葛藤,葛藤,1
俯く,俯き,1
浴びる,浴びる,1
リアクション,リアクション,1
大げさ,大げさ,1
合格,合格,1
優雅,優雅,1
田舎,田舎,1
葬る,葬ろ,1
悔しい,悔しく,1
変態,変態,1
済ます,済まさ,1
受け入れる,受け入れ,1
公表,公表,1
守り,守り,1
含む,含ん,1
押しかける,押しかけ,1
笑い話,笑い話,1
我が物顔,我が物顔,1
寛ぐ,寛い,1
啜る,啜る,1
あさる,あさっ,1
包み,包み,1
小遣い,小遣い,1
買える,買える,1
前々,前々,1
振り向く,振り向い,1
杯,杯,1
常備,常備,1
さっそく,さっそく,1
金貸し,金貸し,1
格安,格安,1
当たり,当たり,1
省く,省い,1
良心,良心,1
額,額,1
仰ぐ,仰い,1
プッシュ,プッシュ,1
喚く,喚く,1
放る,放り,1
終わる,終われ,1
ボソボソ,ボソボソ,1
ニンマリ,ニンマリ,1
貯金,貯金,1
箱,箱,1
弱肉強食,弱肉強食,1
めでたい,めでたく,1
至る,至れ,1
リセット,リセット,1
ぜんぜん,ぜんぜん,1
神様,神様,1
長生き,長生き,1
買い取る,買い取る,1
制度,制度,1
醜い,醜,1
飽きる,飽きる,1
従える,従え,1
務める,務める,1
長女,長女,1
名付ける,名付け,1
抜きん出る,抜きん出,1
嫁,嫁,1
育てる,育て,1
輸入,輸入,1
施す,施し,1
比較的,比較的,1
愛す,愛し,1
ゆくゆく,ゆくゆく,1
愛す,愛さ,1
異変,異変,1
留める,留め,1
きだ,きだ,1
結びつく,結びつか,1
聡い,聡かっ,1
広がる,広がら,1
揺るがす,揺るがす,1
さほど,さほど,1
小さい,小さい,1
焼く,焼け,1
抱く,抱か,1
半年,半年,1
跡取り,跡取り,1
宝,宝,1
懇願,懇願,1
霊薬,霊薬,1
いそいそ,いそいそ,1
あさる,あさり,1
縋る,縋っ,1
起こす,起こさ,1
縄,縄,1
染みつく,染みつい,1
勇ましい,勇ましい,1
進み出る,進み出,1
答える,答えろ,1
突きつける,突きつけ,1
村,村,1
蔑む,蔑み,1
真っ向,真っ向,1
でたらめ,でたらめ,1
嘲る,嘲っ,1
釣る,釣ら,1
嘲笑,嘲笑,1
睨み合う,睨み合っ,1
根拠,根拠,1
伝統,伝統,1
くだる,くだら,1
経つ,経て,1
色褪せる,色褪せる,1
捻じる,捻じ,1
曲げる,曲げ,1
曇る,曇り,1
伝染,伝染,1
清める,清める,1
怒号,怒号,1
渡る,渡っ,1
くだらない,くだらない,1
妄想,妄想,1
ほざく,ほざく,1
殴りつける,殴りつけ,1
あく,あく,1
滲む,滲ん,1
優しい,優しかっ,1
高い,高き,1
受け継ぐ,受け継い,1
代える,代え,1
脈打つ,脈打っ,1
削る,削る,1
禁,禁,1
荒れ狂う,荒れ狂う,1
至る,至る,1
分銅,分銅,1
収穫,収穫,1
衝突,衝突,1
かかる,かか,1
利く,利く,1
ちらつく,ちらつい,1
預ける,預け,1
わがまま,わがまま,1
辛抱,辛抱,1
託す,託す,1
うまい,うまく,1
絵本,絵本,1
抜かす,抜かす,1
この上ない,この上ない,1
喜び,喜び,1
乗り越える,乗り越える,1
突く,突き,1
動かす,動かさ,1
氷,氷,1
明ける,明ける,1
水面,水面,1
海水,海水,1
しょっぱい,しょっぱい,1
座り込む,座り込み,1
棒,棒,1
歩ける,歩け,1
ズキズキ,ズキズキ,1
痛む,痛ん,1
託す,託さ,1
渡る,渡ろ,1
海岸,海岸,1
漁村,漁村,1
乗せる,乗せ,1
立ち塞がる,立ち塞がっ,1
壮絶,壮絶,1
掲げる,掲げる,1
抱きしめる,抱きしめる,1
祝う,祝お,1
拾う,拾い,1
見せる,見せろ,1
漏洩,漏洩,1
ころす,ころす,1
ころ,ころ,1
研究所,研究所,1
根回し,根回し,1
立つ,立た,1
やす,やし,1
切り開く,切り開く,1
幻聴,幻聴,1
捕らえる,捕らえろ,1
引きずり出す,引きずり出せ,1
打ち砕く,打ち砕く,1
もどき,もどき,1
目指す,目指し,1
クレーター,クレーター,1
包む,包み,1
巻く,巻き,1
戻す,戻す,1
うそ,うそ,1
いとも,いとも,1
治る,治っ,1
疲れる,疲れる,1
こみ上げる,こみ上げ,1
伝わる,伝わっ,1
葬る,葬り,1
目論む,目論ん,1
すべて,すべて,1
追いつける,追いつけ,1
一席,一席,1
名乗る,名乗ろ,1
初め,初め,1
受け取る,受け取り,1
降り続く,降り続い,1
同情,同情,1
奥底,奥底,1
押し込み,押し込み,1
好ましい,好ましい,1
注ぐ,注い,1
枷,枷,1
遠慮,遠慮,1
切り捨てる,切り捨て,1
いよいよ,いよいよ,1
止める,止めよ,1
裏切る,裏切る,1
ビジョン,ビジョン,1
うっとり,うっとり,1
栄光,栄光,1
訪れる,訪れる,1
呼び覚ます,呼び覚まし,1
一人ぼっち,一人ぼっち,1
解く,解か,1
追い返す,追い返し,1
ご無沙汰,ご無沙汰,1
冷える,冷え,1
防ぐ,防ぎ,1
心外,心外,1
深める,深め,1
度重なる,度重なる,1
減る,減る,1
例年,例年,1
拒む,拒み,1
自我,自我,1
任命,任命,1
偉い,偉く,1
上着,上着,1
分際,分際,1
扇動,扇動,1
出席,出席,1
賛同,賛同,1
なくなる,なくなる,1
胡坐,胡坐,1
鈍い,鈍く,1
元々,元々,1
空席,空席,1
ネルソン,ネルソン,1
モード,モード,1
甚だしい,甚だしい,1
滑る,滑り,1
盟主,盟主,1
きっかけ,きっかけ,1
偽物,偽物,1
現実離れ,現実離れ,1
実在,実在,1
一翼,一翼,1
担う,担っ,1
ぬかる,ぬかる,1
身構える,身構え,1
就く,就い,1
自負,自負,1
時計,時計,1
集め,集め,1
使い,使い,1
吹き回し,吹き回し,1
訪れる,訪れ,1
何気ない,何気ない,1
親切,親切,1
交差,交差,1
お知らせ,お知らせ,1
サンプル,サンプル,1
入手,入手,1
昇格,昇格,1
足掛かり,足掛かり,1
生き残り,生き残り,1
言質,言質,1
手助け,手助け,1
復興,復興,1
恨む,恨ん,1
招く,招く,1
知る,知れ,1
正式,正式,1
恐れる,恐れる,1
人類,人類,1
立つ,立て,1
秘匿,秘匿,1
引きずり出す,引きずり出さ,1
倒せる,倒せる,1
滅びる,滅びる,1
回す,回せ,1
善良,善良,1
煽る,煽り,1
邪悪,邪悪,1
切り捨て,切り捨て,1
共通,共通,1
勝つ,勝た,1
宣言,宣言,1
滅ぼす,滅ぼす,1
代理,代理,1
絞り出す,絞り出し,1
慕う,慕わ,1
豊か,豊か,1
伴う,伴い,1
弱,弱,1
長い,長,1
置く,置く,1
かしこまる,かしこまる,1
クス,クス,1
を通して,を通して,1
役職,役職,1
雇う,雇い,1
藍色,藍色,1
おる,おら,1
閉店,閉店,1
充実,充実,1
別室,別室,1
しま,しま,1
構う,構い,1
にて,にて,1
備品,備品,1
たぶ,たぶ,1
揺さぶる,揺さぶる,1
前後,前後,1
のんびり,のんびり,1
分解,分解,1
ゲート,ゲート,1
電磁波,電磁波,1
修理,修理,1
解明,解明,1
気長,気長,1
学べる,学べる,1
お茶,お茶,1
混ぜる,混ぜ,1
来月,来月,1
許可ない,許可なく,1
つきもの,つきもの,1
つくり,つくり,1
よこす,よこさ,1
凋落,凋落,1
亘る,亘っ,1
牛耳る,牛耳っ,1
損害,損害,1
底力,底力,1
事務,事務,1
空く,空い,1
楽観,楽観,1
憎む,憎ん,1
癒える,癒える,1
迎え入れる,迎え入れ,1
包み込む,包み込む,1
阻止,阻止,1
もの凄い,もの凄い,1
突っ,突っ,1
奇遇,奇遇,1
救う,救い,1
やぶさか,やぶさか,1
疼く,疼き,1
ひときわ,ひときわ,1
硝子,硝子,1
帰宅,帰宅,1
巻き込む,巻き込ん,1
つくす,つくし,1
ゾクゾク,ゾクゾク,1
アリ,アリ,1
カッコイイ,カッコイイ,1
煮詰める,煮詰め,1
もとより,もとより,1
引き受ける,引き受けよ,1
似合う,似合う,1
系列,系列,1
チャンス,チャンス,1
疎か,疎か,1
初心,初心,1
喰らう,喰らい,1
つくす,つくせ,1
よみがえる,よみがえっ,1
シチュエーション,シチュエーション,1
外界,外界,1
切り離す,切り離す,1
戸惑う,戸惑う,1
職員,職員,1
集まる,集まり,1
隔離,隔離,1
フラグ,フラグ,1
白い,白き,1
包む,包む,1
立ち去る,立ち去る,1
濃霧,濃霧,1
間隔,間隔,1
近い,近かっ,1
物音,物音,1
ノブ,ノブ,1
ダイナミック,ダイナミック,1
タメ,タメ,1
薄い,薄,1
似合う,似合わ,1
長め,長め,1
転がる,転がり,1
黒焦げ,黒焦げ,1
ふむふむ,ふむふむ,1
ドンドン,ドンドン,1
行う,行い,1
残り少ない,残り少なく,1
触る,触っ,1
バグ,バグ,1
総量,総量,1
微々たる,微々たる,1
回復,回復,1
却下,却下,1
一時,一時,1
低い,低かっ,1
減少,減少,1
機,機,1
真犯人,真犯人,1
明かす,明かす,1
化粧,化粧,1
整形,整形,1
手帳,手帳,1
小物,小物,1
呼びかける,呼びかけ,1
はめる,はめ,1
ひと通り,ひと通り,1
緑,緑,1
勤める,勤め,1
有望,有望,1
前科,前科,1
煽る,煽る,1
竦める,竦め,1
拭える,拭え,1
決めつける,決めつける,1
下手,下手,1
走り出す,走り出し,1
たまる,たまる,1
戦士,戦士,1
てい,てい,1
押し返す,押し返し,1
滑り込む,滑り込ん,1
減る,減り,1
素振り,素振り,1
ペース,ペース,1
自主,自主,1
以内,以内,1
なんとか,なんとか,1
叩く,叩か,1
力強い,力強,1
ブラウン,ブラウン,1
かく,かき,1
行う,行え,1
文字通り,文字通り,1
緊迫,緊迫,1
見やる,見やる,1
留まる,留まり,1
固唾,固唾,1
のむ,のん,1
利く,利か,1
引っ張る,引っ張り,1
口ぶり,口ぶり,1
戻す,戻そ,1
少数,少数,1
探知,探知,1
流れ出す,流れ出し,1
辿る,辿れ,1
事も無げ,事も無げ,1
正確,正確,1
乱れる,乱れる,1
世辞,世辞,1
値する,値し,1
挙げる,挙げる,1
頼み,頼み,1
挙げる,挙げ,1
請う,請う,1
嗜める,嗜める,1
役に立つ,役に立ち,1
見捨てる,見捨てる,1
説得,説得,1
裏口,裏口,1
速やか,速やか,1
立ち回る,立ち回っ,1
立ち,立ち,1
実戦,実戦,1
立ち回り,立ち回り,1
形容,形容,1
薬物,薬物,1
害,害,1
なす,なす,1
躊躇う,躊躇う,1
剣戟,剣戟,1
通り過ぎる,通り過ぎる,1
消え去る,消え去る,1
読み取る,読み取る,1
時折,時折,1
特異,特異,1
体質,体質,1
敏感,敏感,1
不意打ち,不意打ち,1
お守,お守,1
納める,納める,1
澄む,澄ま,1
僕たち,僕たち,1
逡巡,逡巡,1
突き当たる,突き当たり,1
裂く,裂か,1
引き裂く,引き裂い,1
助け出す,助け出す,1
号令,号令,1
大穴,大穴,1
裂く,裂き,1
控え目,控え目,1
傍観,傍観,1
交わす,交わす,1
安静,安静,1
開ける,開けよ,1
入,入,1
りく,りく,1
作る,作ら,1
盗み見る,盗み見,1
につれ,につれ,1
実感,実感,1
すり減らす,すり減らし,1
混戦,混戦,1
訊ねる,訊ね,1
さばき,さばき,1
最低限,最低限,1
えッ,えッ,1
明白,明白,1
一体,一体,1
試し,試し,1
プール,プール,1
渡す,渡せ,1
延ばす,延ばし,1
前向き,前向き,1
なくなる,なくなれ,1
打,打,1
渡せる,渡せる,1
調節,調節,1
渡す,渡し,1
由々しき,由々しき,1
認める,認める,1
ぬけぬけ,ぬけぬけ,1
預かる,預かっ,1
公平,公平,1
分配,分配,1
どぉ,どぉ,1
様相,様相,1
譲り,譲り,1
受け取る,受け取れ,1
応じる,応じれ,1
反故,反故,1
断れる,断れる,1
疲労,疲労,1
かぶせる,かぶせる,1
振り返る,振り返ろ,1
剣幕,剣幕,1
威光,威光,1
築き上げる,築き上げ,1
富,富,1
代表,代表,1
合わせる,合わせよ,1
はいる,はいり,1
分け与える,分け与え,1
頂ける,頂ける,1
分け与える,分け与える,1
たまらない,たまらない,1
行く先,行く先,1
辿る,辿る,1
去る,去り,1
路傍,路傍,1
散発,散発,1
才,才,1
ただ者,ただ者,1
胆力,胆力,1
預かる,預かり,1
詳しい,詳し,1
早める,早め,1
古びる,古び,1
忘れ去る,忘れ去ら,1
静けさ,静けさ,1
積もる,積もっ,1
かすか,かすか,1
障壁,障壁,1
捜索,捜索,1
難しい,難し,1
専門,専門,1
手詰まり,手詰まり,1
終わる,終わ,1
しる,しっ,1
黙る,黙ら,1
包み込む,包み込み,1
逸脱,逸脱,1
気丈,気丈,1
噴出,噴出,1
充満,充満,1
潜り込む,潜り込ま,1
伸ばす,伸ばそ,1
試みる,試みる,1
覚ます,覚まさ,1
劇薬,劇薬,1
悲しむ,悲しむ,1
生死,生死,1
ポテンシャル,ポテンシャル,1
もたもた,もたもた,1
間に合う,間に合い,1
別れ,別れ,1
欠伸,欠伸,1
目障り,目障り,1
物言う,物言わ,1
刺さる,刺さる,1
腹部,腹部,1
打つ,打っ,1
解ける,解け,1
外す,外せ,1
抜ける,抜ける,1
踏み込む,踏み込む,1
突き出す,突き出す,1
もらう,もらわ,1
日記,日記,1
引き抜く,引き抜か,1
見開く,見開く,1
数値,数値,1
止めど,止めど,1
抜け落ちる,抜け落ち,1
か細い,か細く,1
亡骸,亡骸,1
見下ろす,見下ろさ,1
狼狽える,狼狽え,1
高鳴る,高鳴っ,1
消え入る,消え入り,1
誤解,誤解,1
冷徹,冷徹,1
広がる,広がる,1
関わる,関われ,1
欠落,欠落,1
奥深い,奥深く,1
魅入る,魅入ら,1
孤独,孤独,1
四つ,四つ,1
遭う,遭う,1
白銀,白銀,1
しばし,しばし,1
名乗る,名乗っ,1
吸い取る,吸い取る,1
出向く,出向い,1
省ける,省け,1
しめる,しめる,1
罰,罰,1
勝ち残る,勝ち残っ,1
持ち上げる,持ち上げる,1
濃密,濃密,1
呼び声,呼び声,1
応える,応えよ,1
背丈,背丈,1
ロス,ロス,1
混ざる,混ざり,1
巻き付く,巻き付い,1
取る,取ろ,1
踏み込む,踏み込み,1
胴,胴,1
勝ち抜く,勝ち抜い,1
所詮,所詮,1
和らげる,和らげ,1
口内,口内,1
下がる,下がる,1
粉砕,粉砕,1
転ずる,転ずる,1
死に体,死に体,1
前足,前足,1
振動,振動,1
立て直す,立て直し,1
湧く,湧き,1
白い,白く,1
皺,皺,1
押す,押せ,1
弱々しい,弱々しい,1
裏腹,裏腹,1
凄まじい,凄まじく,1
地方,地方,1
高める,高める,1
年老いる,年老い,1
しわがれる,しわがれ,1
依る,依り,1
誘う,誘う,1
飛び出す,飛び出し,1
ボロい,ボロ,1
布,布,1
衰える,衰え,1
貧弱,貧弱,1
仕掛ける,仕掛ける,1
凌駕,凌駕,1
屈辱,屈辱,1
蘇る,蘇る,1
悔しい,悔しい,1
目尻,目尻,1
下回る,下回っ,1
薙ぐ,薙い,1
刀身,刀身,1
しなる,しなり,1
前髪,前髪,1
涼しい,涼しい,1
細い,細,1
まる,まる,1
やけに,やけに,1
舞,舞,1
挟む,挟ん,1
剣舞,剣舞,1
交わる,交わっ,1
一角,一角,1
渡り合う,渡り合う,1
近衛,近衛,1
引け,引け,1
どころか,どころか,1
域,域,1
ぐっと,ぐっと,1
傾く,傾い,1
要因,要因,1
両者,両者,1
防戦,防戦,1
勝敗,勝敗,1
決す,決し,1
極める,極めよ,1
埋まる,埋まら,1
目掛ける,目掛け,1
投擲,投擲,1
絶技,絶技,1
暴雨,暴雨,1
幾多,幾多,1
小癪,小癪,1
並外れる,並外れ,1
止む,止ん,1
強い,強し,1
当てる,当てる,1
遊ぶ,遊び,1
ほざく,ほざい,1
貫通,貫通,1
せっかち,せっかち,1
若者,若者,1
傷口,傷口,1
お嬢さん,お嬢さん,1
かかえる,かかえる,1
身代わり,身代わり,1
蠢く,蠢き,1
現す,現す,1
高,高,1
鳴り,鳴り,1
漲る,漲ら,1
違える,違える,1
耄碌,耄碌,1
はおる,はおら,1
道理,道理,1
笑わせる,笑わせる,1
老体,老体,1
悠久,悠久,1
経る,経,1
愉しい,愉し,1
古流,古流,1
剣術,剣術,1
防ぐ,防い,1
爪痕,爪痕,1
幾度,幾度,1
またす,またし,1
深い,深かっ,1
とる,とる,1
柔,柔,1
天性,天性,1
気取る,気取っ,1
タネ,タネ,1
遅い,遅き,1
すでに,すでに,1
見抜く,見抜い,1
愉しい,愉しい,1
振れる,振れ,1
しなる,しなる,1
順序,順序,1
打ち捨てる,打ち捨て,1
敗者,敗者,1
九つ,九つ,1
亜,亜,1
斗,斗,1
美,美,1
吊る,吊,1
苦,苦,1
食い散らす,食い散らし,1
右足,右足,1
砕く,砕き,1
左足,左足,1
更,更,1
返答,返答,1
些細,些細,1
足る,足ら,1
金属,金属,1
おーい,おーい,1
綻ぶ,綻ば,1
逃げ出せる,逃げ出せ,1
恐ろしく,恐ろしく,1
役回り,役回り,1
整う,整い,1
戸惑う,戸惑い,1
作る,作り,1
抱き上げる,抱き上げる,1
灯る,灯っ,1
引ける,引け,1
方針,方針,1
悪しい,悪しき,1
のさばる,のさばり,1
思い描く,思い描く,1
説く,説く,1
踊る,踊り,1
苦痛,苦痛,1
寄り添う,寄り添う,1
妖しい,妖しい,1
注意深い,注意深く,1
拭く,拭く,1
爺さん,爺さん,1
興味深い,興味深かっ,1
年の功,年の功,1
フィニッシュ,フィニッシュ,1
やり返す,やり返す,1
ロマン,ロマン,1
素晴らしい,素晴らしかっ,1
扮する,扮する,1
奥深い,奥深,1
増す,増し,1
神出鬼没,神出鬼没,1
流し込む,流し込み,1
やす,やす,1
兄ちゃん,兄ちゃん,1
たん,たん,1
吊り上がる,吊り上がっ,1
醜悪,醜悪,1
歪む,歪み,1
悪意,悪意,1
どす黒い,どす黒い,1
蔑む,蔑ん,1
グチャグチャ,グチャグチャ,1
繰り返す,繰り返さ,1
沈む,沈み,1
たい,た,1
流れ込む,流れ込み,1
要望,要望,1
嫌味,嫌味,1
俗物,俗物,1
灰色,灰色,1
その間,その間,1
ボリューム,ボリューム,1
満点,満点,1
本編,本編,1
追,追,1
メイン,メイン,1
シナリオ,シナリオ,1
追加,追加,1
グッズ,グッズ,1
一向に,一向に,1
二人三脚,二人三脚,1
くだ,くだ,1
さる,さり,1
具現,具現,1
お待ち,お待ち,1
届け,届け,1
鋭意,鋭意,1
乱入,乱入,1
付,付,1
引き継ぐ,引き継が,1
閑話,閑話,1
突っ伏す,突っ伏し,1
採点,採点,1
切り抜ける,切り抜ける,1
二月,二月,1
ごたごた,ごたごた,1
頻繁,頻繁,1
悲しみ,悲しみ,1
暮れる,暮れる,1
満喫,満喫,1
就職,就職,1
遊べる,遊べる,1
たんまり,たんまり,1
バトル,バトル,1
フィールド,フィールド,1
シャワー,シャワー,1
話し声,話し声,1
力不足,力不足,1
怖い,怖,1
虚しい,虚しい,1
熱,熱,1
果てしない,果てしない,1
虚しい,虚し,1
ばらまく,ばらまい,1
総額,総額,1
ホラー,ホラー,1
売る,売る,1
ぼる,ぼっ,1
たくる,たくる,1
スルー,スルー,1
割引,割引,1
逃げる,逃げれ,1
ジョン,ジョン,1
スミス,スミス,1
靴,靴,1
磨く,磨い,1
分ける,分け,1
路地,路地,1
ロゴ,ロゴ,1
隠れ家,隠れ家,1
店内,店内,1
光量,光量,1
ペンダント,ペンダント,1
ライト,ライト,1
星,星,1
パッ,パッ,1
リターン,リターン,1
脊椎,脊椎,1
後ろめたい,後ろめたい,1
金ぴか,金ぴか,1
店員,店員,1
パス,パス,1
お越し,お越し,1
くだす,くださ,1
男装,男装,1
小刻み,小刻み,1
注文,注文,1
某,某,1
エージェント,エージェント,1
低音,低音,1
引き締まる,引き締まる,1
作り,作り,1
興味津々,興味津々,1
どんどん,どんどん,1
勉強,勉強,1
鈴,鈴,1
転がす,転がす,1
大人びる,大人び,1
シンプル,シンプル,1
ドレス,ドレス,1
似合う,似合っ,1
たこ,たこ,1
なんとなく,なんとなく,1
ベース,ベース,1
装う,装っ,1
カマ,カマ,1
市販,市販,1
売り出す,売り出せ,1
試飲,試飲,1
ボトル,ボトル,1
蒸留,蒸留,1
やけくそ,やけくそ,1
気味,気味,1
オーダー,オーダー,1
狂暴,狂暴,1
猛毒,猛毒,1
ハンター,ハンター,1
チャラ,チャラ,1
ありがと,ありがと,1
熟成,熟成,1
盗聴,盗聴,1
話せる,話せる,1
つまる,つまり,1
定期,定期,1
焼却,焼却,1
扱う,扱い,1
嫉妬,嫉妬,1
駒,駒,1
引きずり出す,引きずり出す,1
視点,視点,1
物事,物事,1
精査,精査,1
直近,直近,1
見据える,見据えれ,1
資本,資本,1
新しい,新しく,1
びっしり,びっしり,1
だめ,だめ,1
しょぼしょぼ,しょぼしょぼ,1
丸い,丸く,1
交じり,交じり,1
甘やかす,甘やかす,1
事前,事前,1
アジト,アジト,1
経路,経路,1
調べ,調べ,1
足らず,足らず,1
戦後,戦後,1
表向き,表向き,1
とく,とい,1
どさくさ,どさくさ,1
紛れる,紛れ,1
暴行,暴行,1
エラ,エラ,1
イザ,イザ,1
やらかす,やらかし,1
いえる,いえる,1
構成,構成,1
結社,結社,1
ブラッド,ブラッド,1
腹心,腹心,1
検察,検察,1
管轄,管轄,1
起訴,起訴,1
悪い,悪,1
かかる,かかれ,1
私物,私物,1
羨ましい,羨まし,1
手いっぱい,手いっぱい,1
街灯,街灯,1
豆,豆,1
頷く,頷き,1
買収,買収,1
覆す,覆す,1
借り,借り,1
ヒキガエル,ヒキガエル,1
対価,対価,1
支払う,支払っ,1
荒事,荒事,1
飽きる,飽き,1
亡き,亡き,1
刺す,刺し,1
暴く,暴こ,1
宛,宛,1
つまみ出せる,つまみ出せ,1
ふためく,ふためく,1
滑り落ちる,滑り落ち,1
滴る,滴る,1
漏らす,漏らし,1
虚勢,虚勢,1
嘲笑う,嘲笑う,1
貢献,貢献,1
切り捨てる,切り捨てる,1
再開,再開,1
早足,早足,1
投げつける,投げつけ,1
当たる,当たり,1
なまる,なまっ,1
駆け込む,駆け込め,1
押し倒す,押し倒さ,1
どける,どけ,1
もがく,もがき,1
べったり,べったり,1
事切れる,事切れ,1
素行,素行,1
とびきり,とびきり,1
這い出す,這い出す,1
突き刺さる,突き刺さる,1
もっぱら,もっぱら,1
自衛,自衛,1
カーテン,カーテン,1
こぼれる,こぼれる,1
まとめる,まとめる,1
夢中,夢中,1
概要,概要,1
見込み,見込み,1
脅かす,脅かさ,1
平静,平静,1
手のもの,手のもの,1
乗り気,乗り気,1
背ける,背ける,1
財力,財力,1
薙ぎ倒す,薙ぎ倒し,1
やめる,やめよ,1
惨め,惨め,1
ほぐす,ほぐす,1
変える,変えよ,1
に関する,に関する,1
独自,独自,1
トップ,トップ,1
ぱらぱら,ぱらぱら,1
スクラップ,スクラップ,1
北部,北部,1
集まり,集まり,1
ぶつぶつ,ぶつぶつ,1
断る,断っ,1
発揮,発揮,1
押し込む,押し込ん,1
寝不足,寝不足,1
考え事,考え事,1
御用,御用,1
怒る,怒ら,1
迂闊,迂闊,1
殺気だつ,殺気だっ,1
荒れる,荒れる,1
触る,触ら,1
知り合う,知り合っ,1
やけ,やけ,1
くっきり,くっきり,1
歩幅,歩幅,1
捕まる,捕まら,1
あながち,あながち,1
封じ,封じ,1
目立つ,目立ち,1
死因,死因,1
期間,期間,1
割り出せる,割り出せる,1
個,個,1
販売,販売,1
骸骨,骸骨,1
暗示,暗示,1
収める,収め,1
割る,割る,1
伝導,伝導,1
スリル,スリル,1
ある程度,ある程度,1
絞れる,絞れ,1
隠語,隠語,1
見せしめ,見せしめ,1
何らかの,何らかの,1
破る,破っ,1
込み,込み,1
聞き込む,聞き込み,1
続ける,続けろ,1
行儀,行儀,1
屋,屋,1
レ,レ,1
素人,素人,1
全巻,全巻,1
御,御,1
大金持ち,大金持ち,1
台詞,台詞,1
られる,られれ,1
司法,司法,1
好ましい,好ましく,1
まぎれる,まぎれ,1
立ち回る,立ち回る,1
散らばる,散らばっ,1
零れる,零れる,1
零れる,零れ,1
持ち去る,持ち去っ,1
切り取る,切り取ら,1
別れる,別れ,1
暴露,暴露,1
敵視,敵視,1
帰り支度,帰り支度,1
過激,過激,1
危害,危害,1
冒す,冒し,1
下す,下す,1
構う,構っ,1
何かと,何かと,1
種類,種類,1
示唆,示唆,1
はみ出る,はみ出,1
振り分ける,振り分け,1
ちらっと,ちらっと,1
素早い,素早い,1
立ち去る,立ち去ろ,1
帰す,帰さ,1
刈る,刈る,1
刈る,刈り,1
覚え,覚え,1
表せる,表せ,1
安が,安が,1
持ち去る,持ち去り,1
裏返す,裏返す,1
滲みる,滲み,1
読み取り,読み取り,1
帰る,帰り,1
看病,看病,1
帰す,帰す,1
驚き,驚き,1
まちまち,まちまち,1
共同,共同,1
定める,定め,1
ゆる,ゆる,1
なるべく,なるべく,1
飲める,飲め,1
いかが,いかが,1
飲み干す,飲み干そ,1
歩む,歩め,1
けち,けち,1
きる,きら,1
救出,救出,1
発売,発売,1
先月,先月,1
試作,試作,1
予約,予約,1
家具,家具,1
ブランド,ブランド,1
ライン,ライン,1
手広い,手広く,1
含む,含む,1
招く,招き,1
早い,早,1
かしこまる,かしこまら,1
比べ物,比べ物,1
焼き付ける,焼き付け,1
上る,上っ,1
両開き,両開き,1
お姫様,お姫様,1
ウキウキ,ウキウキ,1
指定,指定,1
ぶつける,ぶつけ,1
対象,対象,1
仕切る,仕切っ,1
ちょこ,ちょこ,1
かん,かん,1
たげる,たげる,1
とる,とり,1
飛び跳ねる,飛び跳ねる,1
降参,降参,1
順,順,1
お似合い,お似合い,1
悪気,悪気,1
今朝,今朝,1
駆け足,駆け足,1
恐ろしい,恐ろしい,1
書く,書く,1
残虐,残虐,1
極まりない,極まりない,1
ガタガタ,ガタガタ,1
出版,出版,1
たいそう,たいそう,1
豪勢,豪勢,1
サーモン,サーモン,1
斬新,斬新,1
とっても,とっても,1
ハズレ,ハズレ,1
買える,買え,1
安価,安価,1
マグロ,マグロ,1
バーガー,バーガー,1
浸食,浸食,1
修学旅行,修学旅行,1
零,零,1
お嬢様,お嬢様,1
旦那,旦那,1
ねえ,ねえ,1
捲る,捲る,1
荒らげる,荒らげ,1
回す,回す,1
交ざる,交ざっ,1
増える,増える,1
考える,考えろ,1
送り返す,送り返せ,1
でかす,でかし,1
差し出す,差し出せ,1
荒らげる,荒らげる,1
預かる,預かる,1
しでかす,しでかす,1
ロッカー,ロッカー,1
着く,着い,1
告発,告発,1
振りかざす,振りかざし,1
一掃,一掃,1
さぞかし,さぞかし,1
痛快,痛快,1
刺さる,刺さり,1
見入る,見入っ,1
ふかす,ふかし,1
班,班,1
候補,候補,1
早まる,早まる,1
へっ,へっ,1
作れる,作れ,1
まとまる,まとまる,1
恐ろしい,恐ろし,1
美人,美人,1
ただし,ただし,1
やっぱ,やっぱ,1
いやがる,いやがる,1
ドス,ドス,1
吠える,吠える,1
澄ます,澄まし,1
向く,向こ,1
頭上,頭上,1
いう,いわ,1
洗練,洗練,1
切り裂く,切り裂き,1
切り裂く,切り裂く,1
流れ出る,流れ出る,1
無残,無残,1
惨殺,惨殺,1
湛える,湛え,1
してやる,してや,1
つたう,つたっ,1
ビクビク,ビクビク,1
負う,負い,1
トン,トン,1
免許皆伝,免許皆伝,1
気迫,気迫,1
飛ぶ,飛ぶ,1
咽喉,咽喉,1
鼻先,鼻先,1
化け,化け,1
騒然,騒然,1
群がる,群がり,1
騒ぎ立てる,騒ぎ立てる,1
えな,えな,1
離れる,離れろ,1
群がる,群がる,1
押し返す,押し返す,1
早朝,早朝,1
通る,通り,1
駆除,駆除,1
づらい,づらい,1
所属,所属,1
揉める,揉め,1
熱心,熱心,1
捕まる,捕まる,1
愉快,愉快,1
這う,這っ,1
難易,難易,1
見つかる,見つかれ,1
ずいぶん,ずいぶん,1
輪,輪,1
垂れる,垂れる,1
ダイヤ,ダイヤ,1
商人,商人,1
クラブ,クラブ,1
初耳,初耳,1
ぴったり,ぴったり,1
挑発,挑発,1
宣戦,宣戦,1
布告,布告,1
巡らせる,巡らせる,1
ざわめく,ざわめい,1
降ろす,降ろさ,1
ありゃ,ありゃ,1
拡散,拡散,1
巡る,巡る,1
追い詰める,追い詰める,1
安易,安易,1
預かる,預から,1
寂しい,寂し,1
突き出す,突き出し,1
カ所,カ所,1
落ち度,落ち度,1
稀,稀,1
凄い,凄く,1
こんなにも,こんなにも,1
案じる,案じ,1
しばたたく,しばたたか,1
いらっしゃる,いらっしゃれ,1
寒気,寒気,1
悲壮,悲壮,1
漂う,漂う,1
付き合う,付き合い,1
騒がしい,騒がしかっ,1
捉える,捉え,1
手紙,手紙,1
逃げ惑う,逃げ惑い,1
侮る,侮り,1
慢心,慢心,1
吐血,吐血,1
吹き飛ぶ,吹き飛ん,1
男らしい,男らしい,1
人好き,人好き,1
押し付ける,押し付ける,1
返り討ち,返り討ち,1
してやる,してやり,1
引き連れる,引き連れ,1
おしまい,おしまい,1
ダメージ,ダメージ,1
済む,済み,1
ちる,ちっ,1
横たわる,横たわっ,1
臨終,臨終,1
死後,死後,1
ちっとも,ちっとも,1
ミジンコ,ミジンコ,1
祈る,祈っ,1
ネズミ,ネズミ,1
測定,測定,1
終了,終了,1
保健,保健,1
兼任,兼任,1
浅黒い,浅黒い,1
ふっくら,ふっくら,1
色っぽい,色っぽい,1
尖る,尖っ,1
存じる,存じ,1
よしなに,よしなに,1
ペコペコ,ペコペコ,1
低,低,1
友,友,1
にゃ,にゃ,1
容態,容態,1
病状,病状,1
紋章,紋章,1
制す,制し,1
別条,別条,1
差し出がましい,差し出がましい,1
数カ月,数カ月,1
適性,適性,1
強制,強制,1
聞き流す,聞き流し,1
気持ちよい,気持ちよ,1
おく,おけ,1
五月,五月,1
蠅,蠅,1
いだける,いだけ,1
硬直,硬直,1
告げる,告げる,1
従う,従い,1
ほる,ほっ,1
こりる,こり,1
敬語,敬語,1
やたら,やたら,1
しぶとい,しぶとい,1
生まれつき,生まれつき,1
笑い飛ばせる,笑い飛ばせる,1
真似事,真似事,1
非合法,非合法,1
臓器,臓器,1
ミンチ,ミンチ,1
溶かす,溶かさ,1
肉片,肉片,1
度胸,度胸,1
嗜好,嗜好,1
順に,順に,1
不毛,不毛,1
はめ,はめ,1
寝静まる,寝静まっ,1
手柄,手柄,1
譲る,譲る,1
八つ裂き,八つ裂き,1
してやる,してやる,1
身内,身内,1
賢明,賢明,1
わん,わん,1
付ける,付けろ,1
消す,消せ,1
抜かる,抜かる,1
ボウ,ボウ,1
逃げ場,逃げ場,1
出身,出身,1
口癖,口癖,1
しよう,しよう,1
疼く,疼い,1
倫理,倫理,1
半開き,半開き,1
殺る,殺れ,1
返し,返し,1
投げつける,投げつける,1
狼狽える,狼狽える,1
力量,力量,1
肩口,肩口,1
野太い,野太い,1
しゃべる,しゃべる,1
押しのける,押しのけ,1
気まずい,気まず,1
悪霊,悪霊,1
引き受ける,引き受け,1
耐える,耐えれ,1
駆けつける,駆けつける,1
誤魔化す,誤魔化し,1
大枚,大枚,1
はたく,はたい,1
仕掛ける,仕掛け,1
親心,親心,1
とぼける,とぼけ,1
殺す,殺せ,1
破綻,破綻,1
ズレる,ズレ,1
上半身,上半身,1
下半身,下半身,1
分断,分断,1
受け流す,受け流そ,1
同様,同様,1
開花,開花,1
一滴,一滴,1
見知らぬ,見知らぬ,1
寝返り,寝返り,1
打つ,打ち,1
向き直る,向き直る,1
すます,すまし,1
雇う,雇わ,1
通る,通っ,1
張り付ける,張り付け,1
得策,得策,1
被る,被る,1
ここら,ここら,1
手打ち,手打ち,1
利口,利口,1
付く,付け,1
悲惨,悲惨,1
パクパク,パクパク,1
すぎ,すぎ,1
親子,親子,1
瞬,瞬,1
隠せる,隠せ,1
見くびる,見くびっ,1
認める,認めよ,1
漁る,漁る,1
盛り上がり,盛り上がり,1
赤黒い,赤黒く,1
離せる,離せよ,1
振り払う,振り払お,1
切り裂く,切り裂こ,1
ただならぬ,ただならぬ,1
長刀,長刀,1
活力,活力,1
躍る,躍る,1
殺し合い,殺し合い,1
修羅,修羅,1
極,極,1
めし,めし,1
鎖国,鎖国,1
流派,流派,1
頭角,頭角,1
最年少,最年少,1
師範代,師範代,1
追い求める,追い求め,1
門弟,門弟,1
珍妙,珍妙,1
立ち合える,立ち合える,1
高笑い,高笑い,1
指弾,指弾,1
予備,予備,1
推し量る,推し量る,1
当たる,当た,1
移す,移す,1
生まれたて,生まれたて,1
小鹿,小鹿,1
反す,反し,1
こめかみ,こめかみ,1
飛び下りる,飛び下りる,1
瀕,瀕,1
止める,止めれ,1
安らか,安らか,1
痛い,痛,1
おのれ,おのれ,1
詩,詩,1
書き記す,書き記さ,1
たって,たって,1
薄汚い,薄汚,1
チンピラ,チンピラ,1
凄む,凄む,1
危うい,危うく,1
あの世,あの世,1
逝く,逝き,1
かう,かっ,1
すんません,すんません,1
タックル,タックル,1
殴る,殴り,1
うわ,うわ,1
差し込む,差し込み,1
共謀,共謀,1
疑わしい,疑わし,1
兼,兼,1
用心棒,用心棒,1
あえて,あえて,1
疑惑,疑惑,1
逃れる,逃れよ,1
目線,目線,1
誘い出す,誘い出さ,1
濡れ衣,濡れ衣,1
武装,武装,1
用心深い,用心深く,1
方々,方々,1
見越す,見越し,1
誘い出す,誘い出し,1
そういった,そういった,1
矛先,矛先,1
向く,向か,1
出歩く,出歩い,1
続く,続け,1
募る,募り,1
しまう,しまえ,1
叱る,叱ら,1
個別,個別,1
決め,決め,1
笑いかける,笑いかけ,1
慰める,慰める,1
茶菓子,茶菓子,1
ボリボリ,ボリボリ,1
無実,無実,1
押収,押収,1
列,列,1
ガッカリ,ガッカリ,1
つむ,つま,1
覗き,覗き,1
込む,込み,1
わい,わい,1
並ぶ,並び,1
いったん,いったん,1
素朴,素朴,1
進める,進めよ,1
最適,最適,1
解,解,1
考える,考えよ,1
早口,早口,1
伝える,伝えれ,1
対策,対策,1
迎え撃つ,迎え撃つ,1
現れる,現れれ,1
晴れる,晴れる,1
擁護,擁護,1
宿す,宿し,1
慌ただしい,慌ただしかっ,1
内部,内部,1
済まない,済まない,1
両方,両方,1
揃う,揃う,1
のこのこ,のこのこ,1
本命,本命,1
ふまえる,ふまえ,1
ワ,ワ,1
コク,コク,1
見守る,見守る,1
嫌がる,嫌がる,1
結末,結末,1
プレゼント,プレゼント,1
喜ぶ,喜ば,1
和らげる,和らげる,1
切り出す,切り出し,1
私室,私室,1
詰め寄る,詰め寄っ,1
許す,許す,1
ぼける,ぼける,1
言いよう,言いよう,1
善悪,善悪,1
反吐,反吐,1
とっくに,とっくに,1
組む,組む,1
各々,各々,1
存続,存続,1
隠れ蓑,隠れ蓑,1
変革,変革,1
乗れる,乗れ,1
喚く,喚き,1
のせる,のせ,1
決まる,決まる,1
雑兵,雑兵,1
ぶつかる,ぶつかり,1
高い,高けれ,1
切れ,切れ,1
狙える,狙える,1
高価,高価,1
水の泡,水の泡,1
化す,化す,1
やってのける,やってのける,1
誇る,誇る,1
削る,削っ,1
広まる,広まっ,1
首領,首領,1
手強い,手強かっ,1
打ち倒す,打ち倒す,1
抱く,抱く,1
倒れる,倒れれ,1
間際,間際,1
争う,争い,1
選ぶ,選び,1
節目,節目,1
どっち,どっち,1
勢力,勢力,1
迫る,迫ら,1
破滅,破滅,1
昨今,昨今,1
必ずしも,必ずしも,1
認定,認定,1
共に,共に,1
嬉しい,嬉しかっ,1
茨,茨,1
潜伏,潜伏,1
血眼,血眼,1
匿う,匿っ,1
お膳立て,お膳立て,1
薔薇,薔薇,1
豊富,豊富,1
食料,食料,1
運び込む,運び込ん,1
働きかける,働きかけ,1
内々,内々,1
軍,軍,1
バランス,バランス,1
大義名分,大義名分,1
加担,加担,1
解ける,解けれ,1
生き延びる,生き延びる,1
限る,限り,1
意志,意志,1
他言,他言,1
そわそわ,そわそわ,1
かす,かし,1
打ち合わせ,打ち合わせ,1
掛け時計,掛け時計,1
沈む,沈ん,1
夜間,夜間,1
出歩く,出歩く,1
あたる,あたる,1
別件,別件,1
開口一番,開口一番,1
癪,癪,1
思いっきり,思いっきり,1
学者,学者,1
学院,学院,1
専攻,専攻,1
高貴,高貴,1
引き攣る,引き攣る,1
どく,どき,1
無表情,無表情,1
奇跡,奇跡,1
切り抜ける,切り抜け,1
とく,とき,1
びびる,びびっ,1
あらそう,あらそう,1
訂正,訂正,1
見落とす,見落とし,1
唱える,唱える,1
隔絶,隔絶,1
ちゃっかり,ちゃっかり,1
煽り,煽り,1
引き付ける,引き付け,1
持ちこたえる,持ちこたえる,1
フォロー,フォロー,1
惜しい,惜し,1
めちゃくちゃ,めちゃくちゃ,1
げんなり,げんなり,1
先ほど,先ほど,1
陶芸,陶芸,1
国宝,国宝,1
飾る,飾る,1
飾る,飾り,1
盗む,盗む,1
売る,売れ,1
読み解く,読み解く,1
盗難,盗難,1
はえ,はえ,1
町,町,1
ぽかんと,ぽかんと,1
浮かび上がる,浮かび上がる,1
導き出す,導き出し,1
目の下,目の下,1
生き延びる,生き延び,1
歩む,歩ん,1
照れる,照れる,1
いか,いか,1
うんこ,うんこ,1
突っ込む,突っ込ん,1
度肝,度肝,1
知り合う,知り合い,1
はち切れる,はち切れ,1
膨らむ,膨らん,1
わし,わし,1
惨事,惨事,1
飼う,飼っ,1
敵意,敵意,1
聞き捨てる,聞き捨て,1
油,油,1
よせ,よせ,1
ヘッド,ヘッド,1
ロック,ロック,1
ズルズル,ズルズル,1
騒がせる,騒がせ,1
塀,塀,1
振る,振ら,1
頼る,頼る,1
匂う,匂い,1
へん,へん,1
ほんとに,ほんとに,1
ギリシャ,ギリシャ,1
ゴロ,ゴロ,1
ン,ン,1
寝転がる,寝転がっ,1
服従,服従,1
うんと,うんと,1
コメント,コメント,1
頑張る,頑張り,1
飛び起きる,飛び起き,1
振り回す,振り回し,1
あとあと,あとあと,1
消し,消し,1
惚ける,惚け,1
コソコソ,コソコソ,1
ものすごい,ものすごく,1
実行,実行,1
祈る,祈る,1
練り直す,練り直さ,1
アレルギー,アレルギー,1
遠ざかる,遠ざかっ,1
スムーズ,スムーズ,1
表玄関,表玄関,1
見え,見え,1
立ち会う,立ち会い,1
門,門,1
大人しい,大人しく,1
大して,大して,1
力む,力も,1
とる,とれ,1
苛立つ,苛立た,1
げに,げに,1
免れる,免れ,1
後継,後継,1
育てる,育てる,1
仕留める,仕留める,1
出し,出し,1
惜しみ,惜しみ,1
たまる,たまり,1
口々,口々,1
頼れる,頼れ,1
有力,有力,1
まとまる,まとまり,1
創設,創設,1
以来,以来,1
雇う,雇う,1
伝手,伝手,1
快楽,快楽,1
思い知らせる,思い知らせ,1
墓場,墓場,1
青い,青く,1
魔術,魔術,1
広い,広く,1
展示,展示,1
執念,執念,1
想い,想い,1
飾る,飾ろ,1
激闘,激闘,1
武具,武具,1
円形,円形,1
ぐるり,ぐるり,1
囲む,囲み,1
華やかさ,華やかさ,1
生臭い,生臭い,1
特設,特設,1
集る,集っ,1
糸目,糸目,1
消し炭,消し炭,1
連なる,連なる,1
入場,入場,1
封鎖,封鎖,1
体力,体力,1
忌々しい,忌々しい,1
利権,利権,1
荒らす,荒らし,1
商売,商売,1
見習う,見習う,1
共存,共存,1
先鋒,先鋒,1
興醒める,興醒め,1
一段落,一段落,1
地上,地上,1
待ち構える,待ち構える,1
大々的,大々的,1
流す,流せ,1
丸潰れ,丸潰れ,1
痛む,痛む,1
はあ,はあ,1
肝心,肝心,1
関心,関心,1
ゴタゴタ,ゴタゴタ,1
片っ端,片っ端,1
下水道,下水道,1
即興,即興,1
柔軟,柔軟,1
地下道,地下道,1
それどころ,それどころ,1
思い当たる,思い当たる,1
節,節,1
見抜く,見抜く,1
洞察,洞察,1
めく,めい,1
ポ,ポ,1
ベテラン,ベテラン,1
飲ます,飲まさ,1
若返る,若返っ,1
いじくる,いじくる,1
城,城,1
黒い,黒く,1
巣,巣,1
うっとうしい,うっとうしい,1
行き止まり,行き止まり,1
厚い,厚,1
通れる,通れる,1
魅力,魅力,1
揉む,揉ま,1
押し出す,押し出さ,1
這い出す,這い出し,1
指さす,指さす,1
物陰,物陰,1
賭博,賭博,1
変わる,変わろ,1
合わせる,合わせれ,1
荷,荷,1
重い,重かっ,1
流す,流そ,1
乗り出す,乗り出し,1
芝居,芝居,1
がかる,がかっ,1
恨み言,恨み言,1
財産,財産,1
殺せる,殺せる,1
回,回,1
かわる,かわっ,1
稼げる,稼げ,1
金額,金額,1
力ずく,力ずく,1
始める,始めよ,1
重厚,重厚,1
大男,大男,1
軽々と,軽々と,1
世界一,世界一,1
無敗,無敗,1
ことごとく,ことごとく,1
挽肉,挽肉,1
のし,のし,1
近づく,近づき,1
控室,控室,1
べ,べ,1
わざと,わざと,1
二流,二流,1
しな,しな,1
三流,三流,1
盛り上げる,盛り上げる,1
垂直,垂直,1
吹っ飛ぶ,吹っ飛ん,1
上空,上空,1
激突,激突,1
ザワザワ,ザワザワ,1
騒ぎ出す,騒ぎ出す,1
腕っぷし,腕っぷし,1
のし上がる,のし上がっ,1
腕前,腕前,1
内乱,内乱,1
火の車,火の車,1
猛者,猛者,1
連携,連携,1
赤字,赤字,1
読む,読め,1
直立,直立,1
不動,不動,1
一周,一周,1
同調,同調,1
回る,回り,1
表面,表面,1
荒い,荒く,1
飛び退く,飛び退い,1
カタカタ,カタカタ,1
心情,心情,1
物語る,物語っ,1
放棄,放棄,1
契約,契約,1
違反,違反,1
カビ,カビ,1
御免,御免,1
違約,違約,1
いくらか,いくらか,1
広まる,広まれ,1
流せる,流せよ,1
野蛮,野蛮,1
紅潮,紅潮,1
とんだ,とんだ,1
報い,報い,1
与える,与えれ,1
腑抜け,腑抜け,1
体調,体調,1
敵前,敵前,1
逃亡,逃亡,1
怖がる,怖がら,1
渋い,渋い,1
帰す,帰し,1
報酬,報酬,1
全額,全額,1
返却,返却,1
呼ぶ,呼べ,1
腹立たしい,腹立たしい,1
落ち着く,落ち着き,1
たまえ,たまえ,1
物珍しい,物珍しい,1
尾ひれ,尾ひれ,1
伴う,伴わ,1
人気,人気,1
先行,先行,1
かく,かく,1
序盤,序盤,1
長引く,長引か,1
乱す,乱さ,1
撃退,撃退,1
細切れ,細切れ,1
似通う,似通う,1
武神,武神,1
一挙一動,一挙一動,1
小出し,小出し,1
典型,典型,1
投入,投入,1
収める,収める,1
堰,堰,1
貫禄,貫禄,1
威厳,威厳,1
壮年,壮年,1
不甲斐ない,不甲斐ない,1
物言い,物言い,1
シルエット,シルエット,1
異なる,異なる,1
くい,くく,1
露,露,1
継ぎ接ぎ,継ぎ接ぎ,1
リア,リア,1
落胆,落胆,1
改良,改良,1
交わる,交わる,1
出来上がる,出来上がっ,1
前列,前列,1
鼓舞,鼓舞,1
張り上げる,張り上げ,1
に従い,に従い,1
葬る,葬る,1
霞む,霞む,1
蹂躙,蹂躙,1
壊れる,壊れる,1
余波,余波,1
抉る,抉ら,1
地形,地形,1
静まる,静まっ,1
破れる,破れ,1
成果,成果,1
見合わせる,見合わせる,1
緩慢,緩慢,1
シン,シン,1
まり,まり,1
阻む,阻ま,1
震わす,震わす,1
潰す,潰す,1
言い終わる,言い終わる,1
張り上げる,張り上げる,1
正気,正気,1
座り込む,座り込ん,1
持つ,持ち,1
弄ぶ,弄ぶ,1
遊ぶ,遊ぶ,1
いくらでも,いくらでも,1
擦り付ける,擦り付け,1
詫びる,詫び,1
擦る,擦り,1
詫びる,詫びる,1
煙,煙,1
すかさず,すかさず,1
無防備,無防備,1
巨体,巨体,1
強固,強固,1
揺るがす,揺るがし,1
ピン,ピン,1
ボール,ボール,1
体液,体液,1
連想,連想,1
半信半疑,半信半疑,1
何とも,何とも,1
幕,幕,1
引き,引き,1
消滅,消滅,1
毟る,毟っ,1
鳴く,鳴い,1
納まる,納まっ,1
人間らしい,人間らしい,1
皮膚,皮膚,1
突き破る,突き破り,1
嵐,嵐,1
薙ぎ払う,薙ぎ払う,1
紙一重,紙一重,1
舞う,舞う,1
花弁,花弁,1
ひらひら,ひらひら,1
舞う,舞い,1
刺す,刺す,1
こびり付く,こびり付い,1
経つ,経つ,1
倒す,倒さ,1
意見,意見,1
煌めく,煌めく,1
こびり付く,こびり付き,1
回り,回り,1
癒す,癒し,1
混ざる,混ざっ,1
俊敏,俊敏,1
呻く,呻く,1
痛々しい,痛々しい,1
隠し持つ,隠し持っ,1
ド,ド,1
貫く,貫こ,1
理性,理性,1
最愛,最愛,1
パパ,パパ,1
抱き起こす,抱き起こす,1
跪く,跪き,1
預ける,預ける,1
はう,はわ,1
一旦,一旦,1
救う,救う,1
憶測,憶測,1
葉,葉,1
断言,断言,1
防御,防御,1
類,類,1
主流,主流,1
パーフェクト,パーフェクト,1
最中,最中,1
逮捕,逮捕,1
見所,見所,1
不法,不法,1
だし,だし,1
信憑,信憑,1
疑う,疑わ,1
デマ,デマ,1
暴れる,暴れ,1
出し抜く,出し抜か,1
中傷,中傷,1
暗い,暗かっ,1
年頃,年頃,1
振るう,振るっ,1
待合室,待合室,1
微笑む,微笑み,1
翌日,翌日,1
よる,よれ,1
手駒,手駒,1
悪夢,悪夢,1
名目,名目,1
接収,接収,1
追い出す,追い出さ,1
仮宿,仮宿,1
敗訴,敗訴,1
一蓮托生,一蓮托生,1
絆,絆,1
裁判官,裁判官,1
流れ込む,流れ込ん,1
残酷,残酷,1
媚びる,媚びる,1
甘ったるい,甘ったるい,1
渾身,渾身,1
押さえる,押さえる,1
怨嗟,怨嗟,1
冷酷,冷酷,1
滴る,滴っ,1
着ける,着け,1
断末魔,断末魔,1
捻る,捻っ,1
ねじ込む,ねじ込む,1
引き抜く,引き抜い,1
ねじ込む,ねじ込ん,1
ジョーカー,ジョーカー,1
糧,糧,1
誇示,誇示,1
誉,誉,1
観,観,1
兄さん,兄さん,1
埋葬,埋葬,1
漁り,漁り,1
飛びつく,飛びつい,1
咳き込む,咳き込み,1
眩しい,眩しく,1
朝露,朝露,1
汲む,汲も,1
戻る,戻ろ,1
家事,家事,1
口答え,口答え,1
バウンド,バウンド,1
生む,生ん,1
ナンバー,ナンバー,1
気安い,気安く,1
ぶっ殺す,ぶっ殺す,1
嘲笑う,嘲笑い,1
語尾,語尾,1
辛い,辛く,1
酷い,酷く,1
女の子,女の子,1
内緒,内緒,1
傷つく,傷つく,1
誇らしげ,誇らしげ,1
涙声,涙声,1
恵む,恵ん,1
抱き着く,抱き着い,1
暮らせる,暮らせる,1
小さい,小さかっ,1
肋骨,肋骨,1
浮き出る,浮き出,1
焦る,焦ら,1
汲む,汲み,1
らっしゃる,らっしゃい,1
墨,墨,1
見通す,見通す,1
鋭い,鋭かっ,1
通例,通例,1
怖い,怖かっ,1
集落,集落,1
通う,通っ,1
やり過ごす,やり過ごし,1
かくれんぼ,かくれんぼ,1
見つける,見つける,1
通用,通用,1
選別,選別,1
凝らす,凝らせ,1
見通せる,見通せる,1
鳴らす,鳴らせ,1
すます,すませ,1
風下,風下,1
臭,臭,1
違う,違わ,1
夜明け,夜明け,1
濡らす,濡らし,1
弱い,弱く,1
恐い,恐かっ,1
捌ける,捌け,1
上手,上手,1
下さる,下さっ,1
柱,柱,1
支え,支え,1
捌く,捌い,1
あいにく,あいにく,1
物覚え,物覚え,1
冷やす,冷やし,1
手順,手順,1
傷つける,傷つける,1
腸,腸,1
膀胱,膀胱,1
傷つける,傷つけれ,1
傷める,傷め,1
研ぎ澄ます,研ぎ澄まさ,1
ずらす,ずらす,1
うっする,うっせ,1
面す,面し,1
ってか,ってか,1
家長,家長,1
届ける,届ける,1
引き上げる,引き上げ,1
没収,没収,1
分け合う,分け合っ,1
取り返す,取り返そ,1
股,股,1
持ち去る,持ち去ろ,1
てか,てか,1
喋る,喋り,1
馬鹿,馬鹿,1
幸運,幸運,1
後戻り,後戻り,1
気味が悪い,気味が悪い,1
青空,青空,1
痛む,痛ま,1
仲良い,仲良くっ,1
狩る,狩れ,1
目立つ,目立た,1
教わる,教わり,1
捌く,捌き,1
本能,本能,1
臥す,臥せ,1
枯れ枝,枯れ枝,1
かすれる,かすれ,1
産む,産ん,1
治る,治ら,1
過ごす,過ごし,1
浅い,浅く,1
晩,晩,1
翌朝,翌朝,1
墓,墓,1
行く手,行く手,1
晴れやか,晴れやか,1
笑う,笑わ,1
悲しむ,悲しま,1
おおう,おおお,1
素足,素足,1
大理石,大理石,1
既,既,1
化学,化学,1
繊維,繊維,1
海外,海外,1
点在,点在,1
該当,該当,1
早急,早急,1
はじまる,はじまり,1
粗末,粗末,1
造作,造作,1
制圧,制圧,1
善意,善意,1
硬い,硬い,1
エネルギー,エネルギー,1
活用,活用,1
止まる,止まら,1
片言,片言,1
ミノル,ミノル,1
見知る,見知っ,1
喋れる,喋れ,1
偽名,偽名,1
メシア,メシア,1
連れ出す,連れ出さ,1
科学,科学,1
アンバランス,アンバランス,1
種族,種族,1
高い,高,1
見学,見学,1
凄まじい,凄まじ,1
質問,質問,1
隻眼,隻眼,1
純白,純白,1
愛らしい,愛らしい,1
微笑ましい,微笑ましかっ,1
看板,看板,1
塗る,塗る,1
張る,張ら,1
躓く,躓い,1
振り払う,振り払わ,1
褐色,褐色,1
新人,新人,1
随一,随一,1
反骨,反骨,1
おっしゃる,おっしゃる,1
向かい合う,向かい合っ,1
くたびれる,くたびれ,1
跳ねる,跳ね,1
体格,体格,1
未知,未知,1
侮る,侮っ,1
幼い,幼,1
見守る,見守っ,1
逃げ出す,逃げ出す,1
やってくる,やってくる,1
不機嫌,不機嫌,1
薙ぎ払う,薙ぎ払わ,1
軋む,軋み,1
押し切る,押し切ら,1
向き合う,向き合っ,1
整える,整える,1
扱う,扱う,1
見透かす,見透かす,1
会う,会う,1
気合,気合,1
重なる,重なり,1
掠める,掠める,1
誘う,誘っ,1
鈍る,鈍っ,1
減点,減点,1
直す,直し,1
持ち込む,持ち込ん,1
変異,変異,1
カサカサ,カサカサ,1
駆け寄る,駆け寄ろ,1
こら,こら,1
なり,なり,1
予算,予算,1
屈す,屈し,1
奇襲,奇襲,1
読む,読ま,1
鈍る,鈍り,1
寝顔,寝顔,1
上回る,上回っ,1
確実,確実,1
うなされる,うなされ,1
環境,環境,1
綻ぶ,綻ん,1
寝ぼける,寝ぼけ,1
天使,天使,1
寄る,寄る,1
把握,把握,1
振り払う,振り払っ,1
行為,行為,1
タブー,タブー,1
泣く,泣か,1
流れ落ちる,流れ落ちる,1
嗚咽,嗚咽,1
悟る,悟っ,1
握り,握り,1
帰,帰,1
反抗,反抗,1
後々,後々,1
一員,一員,1
懐かしい,懐かしく,1
鼓動,鼓動,1
悟る,悟ら,1
延長,延長,1
石造り,石造り,1
石積み,石積み,1
アーチ,アーチ,1
現代,現代,1
かれる,かれ,1
推す,推し,1
覗く,覗く,1
大判,大判,1
タイル,タイル,1
手洗い,手洗い,1
水洗,水洗,1
水洗トイレ,水洗トイレ,1
疑念,疑念,1
深まる,深まっ,1
直前,直前,1
いづ,いで,1
断定,断定,1
吹き抜け,吹き抜け,1
閑散,閑散,1
座れる,座れる,1
お腹,お腹,1
すく,すい,1
座る,座ら,1
細やか,細やか,1
施す,施さ,1
デザイナー,デザイナー,1
彫る,彫ら,1
大枠,大枠,1
名作,名作,1
仕入れる,仕入れ,1
道具,道具,1
似る,似る,1
並べる,並べ,1
味噌,味噌,1
短期間,短期間,1
これら,これら,1
調味,調味,1
味噌汁,味噌汁,1
カツオ,カツオ,1
出汁,出汁,1
効く,効い,1
上品,上品,1
味わい,味わい,1
箸,箸,1
済ませる,済ませる,1
単語,単語,1
潜る,潜っ,1
身柄,身柄,1
日頃,日頃,1
字,字,1
たらたら,たらたら,1
偽造,偽造,1
吊り上げる,吊り上げ,1
吊る,吊り,1
生成,生成,1
有用,有用,1
面積,面積,1
に対し,に対し,1
全面,全面,1
強度,強度,1
得る,得よ,1
着ける,着ける,1
流麗,流麗,1
敬う,敬わ,1
等しい,等しい,1
迎撃,迎撃,1
かけ離れる,かけ離れ,1
極める,極め,1
並列,並列,1
常軌,常軌,1
逸す,逸し,1
互角,互角,1
傷つける,傷つけ,1
奥の手,奥の手,1
続々,続々,1
曇らせる,曇らせ,1
誠心,誠心,1
湖,湖,1
疎通,疎通,1
性格,性格,1
虐める,虐める,1
告ぐ,告ぐ,1
さも,さも,1
言い放つ,言い放っ,1
乱れる,乱れ,1
半裸,半裸,1
使用,使用,1
書置き,書置き,1
激高,激高,1
狭い,狭し,1
攫う,攫わ,1
もがく,もがい,1
性能,性能,1
薄暗い,薄暗,1
耐性,耐性,1
ぞっと,ぞっと,1
データ,データ,1
脈拍,脈拍,1
触る,触り,1
投与,投与,1
あーあ,あーあ,1
流暢,流暢,1
段,段,1
好奇,好奇,1
具体,具体,1
聞き出す,聞き出し,1
ノイズ,ノイズ,1
棺,棺,1
パイプ,パイプ,1
コード,コード,1
巻き付く,巻き付き,1
吐き出す,吐き出し,1
余す,余す,1
乗り越える,乗り越え,1
教授,教授,1
干渉,干渉,1
もしくは,もしくは,1
治癒,治癒,1
爺,爺,1
シェリー,シェリー,1
ネット,ネット,1
修得,修得,1
捕まる,捕まっ,1
機械,機械,1
騙す,騙し,1
押し込む,押し込む,1
毒,毒,1
間違える,間違える,1
トラック,トラック,1
偽装,偽装,1
友人,友人,1
切り離す,切り離さ,1
見ず知らず,見ず知らず,1
強いる,強い,1
はま,はま,1
ドロドロ,ドロドロ,1
粘液,粘液,1
絡み付く,絡み付き,1
異臭,異臭,1
摘出,摘出,1
使い道,使い道,1
倉庫,倉庫,1
スイッチ,スイッチ,1
頭脳,頭脳,1
睨む,睨み,1
くらえる,くらえ,1
脱ぐ,脱ぐ,1
ピカ,ピカ,1
答える,答えよ,1
昏倒,昏倒,1
削減,削減,1
強い,強かっ,1
美しい,美しかっ,1
助け出す,助け出さ,1
教科書,教科書,1
手渡す,手渡さ,1
タイトル,タイトル,1
実践,実践,1
立ち直り,立ち直り,1
そびえる,そびえ,1
秋,秋,1
紅葉,紅葉,1
暖かい,暖かい,1
満たす,満たさ,1
ツーバイフォー,ツーバイフォー,1
手伝う,手伝い,1
仕上げ,仕上げ,1
質素,質素,1
へたくそ,へたくそ,1
夜中,夜中,1
山菜,山菜,1
採り,採り,1
パン,パン,1
いろんな,いろんな,1
言い出す,言い出し,1
のぼる,のぼる,1
平面,平面,1
球,球,1
正しい,正しかっ,1
引き出す,引き出す,1
温める,温める,1
生む,生む,1
ピストン,ピストン,1
運動,運動,1
タービン,タービン,1
取り掛かる,取り掛かる,1
鍛える,鍛える,1
飛躍,飛躍,1
向上,向上,1
英才,英才,1
同年代,同年代,1
昇る,昇る,1
ぼく,ぼく,1
仲間,仲間,1
人見知り,人見知り,1
怖がる,怖がっ,1
社交,社交,1
境遇,境遇,1
打ち解ける,打ち解け,1
寂しい,寂しかっ,1
にぎやか,にぎやか,1
増築,増築,1
温か,温か,1
早め,早め,1
切り上げる,切り上げ,1
べそ,べそ,1
ぐする,ぐす,1
覆い,覆い,1
かぶさる,かぶさる,1
乗る,乗る,1
引き離す,引き離す,1
犬猿,犬猿,1
救い,救い,1
知,知,1
経済,経済,1
創造,創造,1
スケール,スケール,1
智慮,智慮,1
吹く,吹か,1
弱々しい,弱々しかっ,1
惜しむ,惜しん,1
励む,励ん,1
話し合う,話し合う,1
多い,多く,1
勝ち気,勝ち気,1
見合う,見合う,1
馴染む,馴染ん,1
少なめ,少なめ,1
取り持つ,取り持っ,1
突拍子,突拍子,1
発明,発明,1
かけっこ,かけっこ,1
かけがえ,かけがえ,1
がむしゃら,がむしゃら,1
語り合う,語り合っ,1
吸い込む,吸い込ん,1
約,約,1
絶賛,絶賛,1
仕上がる,仕上がっ,1
つり,つり,1
リリース,リリース,1
はるか,はるか,1
反響,反響,1
ファン,ファン,1
熱量,熱量,1
幼少,幼少,1
補完,補完,1
盛りだくさん,盛りだくさん,1
シリーズ,シリーズ,1
累計,累計,1
部数,部数,1
部,部,1
謝辞,謝辞,1
